Day,Weekday,ArrivalTime,ExitTime,LengthOfStay
1,1,3:14:39 AM,1:32:17 PM,0.428914812
1,1,7:33:36 AM,8:43:28 AM,0.048511023
1,1,7:53:22 AM,8:27:01 AM,0.023367123
1,1,8:07:14 AM,8:15:54 AM,0.006011036
1,1,8:09:54 AM,8:15:46 AM,0.004064706
1,1,8:19:32 AM,10:35:00 AM,0.094076865
1,1,8:22:31 AM,11:24:48 AM,0.126584474
1,1,8:30:30 AM,11:53:05 AM,0.140678843
1,1,8:31:19 AM,10:20:21 AM,0.075724936
1,1,8:37:13 AM,10:44:10 AM,0.088166476
1,1,8:38:18 AM,8:40:19 AM,0.001390789
1,1,8:46:40 AM,10:56:28 AM,0.090138633
1,1,8:50:12 AM,12:14:39 PM,0.141980597
1,1,8:58:50 AM,12:29:12 PM,0.146079134
1,1,9:08:04 AM,12:21:01 PM,0.133991657
1,1,9:24:31 AM,4:18:51 PM,0.287733225
1,1,9:31:54 AM,10:03:37 AM,0.022021927
1,1,10:44:19 AM,6:00:38 PM,0.302997493
1,1,11:19:33 AM,3:15:14 PM,0.163670044
1,1,11:23:31 AM,12:52:50 PM,0.062023683
1,1,12:12:19 PM,3:08:08 PM,0.122092646
1,1,12:31:53 PM,7:40:28 PM,0.297633705
1,1,2:11:55 PM,2:42:22 PM,0.021145938
1,1,2:29:16 PM,9:11:44 PM,0.279491553
1,1,3:36:49 PM,5:20:50 PM,0.072236857
1,1,3:48:28 PM,8:35:52 PM,0.199582797
1,1,5:10:26 PM,7:40:34 PM,0.104255116
1,1,6:53:01 PM,12:00:59 AM,0.213867708
1,1,7:42:15 PM,10:19:42 PM,0.109334532
1,1,8:55:43 PM,4:41:51 AM,0.323695337
1,1,10:08:13 PM,2:39:32 AM,0.188412102
1,1,10:44:15 PM,1:03:22 AM,0.096607471
1,1,11:40:20 PM,6:39:54 AM,0.291355921
2,2,12:20:12 AM,12:44:18 AM,0.016740428
2,2,6:17:08 AM,7:00:04 AM,0.029824961
2,2,6:20:12 AM,7:06:22 AM,0.032062168
2,2,6:34:45 AM,7:59:03 AM,0.058541848
2,2,6:45:51 AM,7:18:38 AM,0.022767302
2,2,7:01:17 AM,8:45:34 AM,0.072423384
2,2,7:08:28 AM,8:50:48 AM,0.071067282
2,2,7:24:12 AM,7:43:26 AM,0.013360047
2,2,7:26:23 AM,7:57:18 AM,0.021471618
2,2,7:30:51 AM,8:18:30 AM,0.033086806
2,2,7:32:48 AM,9:22:38 AM,0.076267619
2,2,7:43:09 AM,8:31:54 AM,0.033848286
2,2,7:52:06 AM,9:24:45 AM,0.064346424
2,2,7:59:37 AM,9:54:43 AM,0.079927644
2,2,8:10:08 AM,9:28:30 AM,0.054420785
2,2,8:16:17 AM,10:45:45 AM,0.103795056
2,2,8:23:55 AM,8:49:45 AM,0.017934568
2,2,8:25:13 AM,11:59:16 AM,0.148647252
2,2,8:32:52 AM,9:47:16 AM,0.051667806
2,2,8:41:04 AM,12:04:15 PM,0.141096046
2,2,8:48:58 AM,12:08:50 PM,0.138786866
2,2,8:58:57 AM,12:04:46 PM,0.12903853
2,2,9:05:34 AM,11:37:44 AM,0.105663531
2,2,11:03:13 AM,11:19:59 AM,0.011638524
2,2,11:31:51 AM,2:53:04 PM,0.139735925
2,2,11:58:35 AM,2:28:32 PM,0.104139759
2,2,1:51:45 PM,3:51:58 PM,0.083488524
2,2,1:53:19 PM,2:07:02 PM,0.009518904
2,2,2:14:20 PM,3:07:51 PM,0.0371649
2,2,3:55:10 PM,4:05:09 PM,0.006934155
2,2,4:17:32 PM,5:59:21 PM,0.070704846
2,2,5:33:25 PM,6:24:43 PM,0.035619819
2,2,6:07:12 PM,9:58:16 PM,0.160461882
2,2,6:17:06 PM,9:54:08 PM,0.150709708
2,2,7:02:55 PM,1:49:15 AM,0.282181959
2,2,7:10:34 PM,10:17:49 PM,0.130034902
2,2,9:09:00 PM,4:40:23 AM,0.31345128
2,2,11:03:34 PM,3:45:46 AM,0.195977865
3,3,12:45:31 AM,3:04:03 AM,0.09621281
3,3,4:22:11 AM,6:06:28 PM,0.572412799
3,3,4:52:59 AM,4:52:53 PM,0.499929594
3,3,7:24:34 AM,7:48:59 AM,0.016956785
3,3,7:34:40 AM,9:08:24 AM,0.065084849
3,3,7:36:03 AM,7:56:52 AM,0.014449735
3,3,7:54:48 AM,8:36:57 AM,0.029269659
3,3,8:09:46 AM,9:55:33 AM,0.073461838
3,3,8:18:58 AM,11:25:24 AM,0.12946418
3,3,8:26:58 AM,10:18:22 AM,0.077368739
3,3,8:27:25 AM,9:32:10 AM,0.044955356
3,3,8:32:40 AM,12:27:11 PM,0.162866969
3,3,8:34:13 AM,11:59:46 AM,0.142743642
3,3,8:35:46 AM,9:09:31 AM,0.023434066
3,3,8:37:33 AM,11:52:19 AM,0.135251191
3,3,8:44:13 AM,10:10:52 AM,0.060169852
3,3,8:48:10 AM,12:13:53 PM,0.142854511
3,3,8:52:37 AM,9:55:57 AM,0.043982593
3,3,8:55:19 AM,9:42:19 AM,0.032643127
3,3,9:00:50 AM,10:29:18 AM,0.061435826
3,3,9:53:51 AM,5:30:36 PM,0.317183493
3,3,10:06:54 AM,11:19:39 AM,0.050513345
3,3,10:38:29 AM,1:00:29 PM,0.098613289
3,3,12:06:52 PM,6:27:38 PM,0.264417507
3,3,1:36:45 PM,6:51:57 PM,0.218882804
3,3,2:53:15 PM,6:48:28 PM,0.163352749
3,3,3:20:17 PM,5:21:20 PM,0.084055568
3,3,3:55:05 PM,11:11:27 PM,0.303032005
3,3,4:44:09 PM,7:35:54 PM,0.119272016
3,3,4:52:08 PM,8:14:21 PM,0.140429125
3,3,4:55:53 PM,8:47:39 PM,0.160944737
3,3,6:14:09 PM,6:23:55 PM,0.006783811
3,3,6:51:20 PM,12:47:39 AM,0.247436836
3,3,8:15:34 PM,8:38:44 PM,0.0160836
3,3,8:31:40 PM,3:33:50 AM,0.293172514
3,3,8:46:57 PM,1:24:07 AM,0.192483489
3,3,9:05:11 PM,2:12:07 AM,0.213139884
3,3,9:32:38 PM,1:53:19 AM,0.181032731
3,3,9:39:55 PM,12:23:31 AM,0.113608326
3,3,11:14:04 PM,7:04:28 AM,0.326666115
4,4,12:32:46 AM,3:56:02 AM,0.141151071
4,4,3:07:03 AM,11:20:03 AM,0.342359111
4,4,4:06:32 AM,5:18:17 AM,0.049830802
4,4,4:44:41 AM,6:39:21 AM,0.079629854
4,4,8:11:51 AM,10:42:28 AM,0.10459728
4,4,8:20:43 AM,9:29:07 AM,0.047497702
4,4,8:27:17 AM,11:53:32 AM,0.14323633
4,4,8:33:45 AM,10:14:09 AM,0.069717999
4,4,8:38:16 AM,11:06:00 AM,0.102582221
4,4,8:47:19 AM,10:24:11 AM,0.067266425
4,4,8:48:43 AM,10:04:28 AM,0.05260245
4,4,8:56:10 AM,10:05:41 AM,0.048269554
4,4,8:59:21 AM,9:26:22 AM,0.018764374
4,4,9:07:48 AM,4:25:26 PM,0.303911363
4,4,9:51:54 AM,3:49:09 PM,0.248085885
4,4,11:22:29 AM,3:26:46 PM,0.169636259
4,4,11:52:28 AM,12:53:43 PM,0.042539264
4,4,12:06:32 PM,2:53:46 PM,0.116130546
4,4,1:06:47 PM,4:24:22 PM,0.137215095
4,4,1:53:12 PM,5:45:22 PM,0.161234585
4,4,1:58:20 PM,2:40:24 PM,0.029211998
4,4,3:33:09 PM,7:32:35 PM,0.166275838
4,4,4:09:50 PM,5:35:51 PM,0.059740907
4,4,5:11:09 PM,6:40:59 PM,0.062388526
4,4,6:30:19 PM,6:58:26 PM,0.019524781
4,4,7:52:07 PM,2:12:10 AM,0.26391389
4,4,8:43:18 PM,10:03:53 PM,0.055967123
4,4,9:56:55 PM,12:11:27 AM,0.093423036
4,4,10:44:55 PM,11:31:21 PM,0.032252024
4,4,10:54:00 PM,5:29:29 AM,0.274635661
4,4,11:55:32 PM,1:39:31 AM,0.072212581
5,5,1:42:58 AM,10:43:16 AM,0.375212579
5,5,5:27:44 AM,4:27:19 PM,0.458050219
5,5,10:08:53 AM,10:26:30 AM,0.012235163
5,5,11:17:40 AM,3:26:02 PM,0.172475731
5,5,12:20:54 PM,7:11:23 PM,0.285060565
5,5,2:17:46 PM,9:13:56 PM,0.289005363
5,5,3:25:50 PM,9:59:58 PM,0.273703558
5,5,4:12:53 PM,5:04:12 PM,0.035636461
5,5,4:53:25 PM,10:35:57 PM,0.237877633
5,5,6:08:27 PM,10:08:36 PM,0.166767624
5,5,7:16:45 PM,1:35:17 AM,0.262869123
5,5,8:22:52 PM,8:47:46 PM,0.017289248
5,5,8:47:15 PM,1:52:58 AM,0.212296643
5,5,8:56:05 PM,12:50:51 AM,0.163035292
5,5,10:36:53 PM,11:43:29 PM,0.046258259
5,5,11:39:08 PM,12:53:59 AM,0.051973416
6,6,12:46:41 AM,4:28:07 AM,1.153771611
6,6,7:43:12 AM,10:32:03 AM,0.117257809
6,6,7:45:20 AM,10:03:29 AM,0.095933591
6,6,8:13:16 AM,11:09:39 AM,0.122491673
6,6,8:15:21 AM,12:46:22 PM,0.188207222
6,6,8:30:23 AM,11:27:04 AM,0.122697846
6,6,8:45:35 AM,9:06:11 AM,0.014304113
6,6,8:56:19 AM,1:36:36 PM,0.19464388
6,6,9:12:40 AM,1:06:57 PM,0.16270174
6,6,11:43:16 AM,8:57:32 PM,0.384906651
6,6,2:08:09 PM,5:43:53 AM,0.649818638
6,6,3:07:06 PM,3:56:00 AM,0.533957237
6,6,5:03:38 PM,6:17:45 PM,0.051468938
6,6,6:02:33 PM,2:09:59 AM,0.338500161
6,6,9:01:13 PM,11:54:27 AM,0.620310658
6,6,9:22:14 PM,12:18:58 AM,0.122740035
6,6,11:24:21 PM,10:19:35 AM,0.455021293
7,7,2:41:33 AM,9:32:59 AM,1.285716006
7,7,7:07:48 AM,8:01:37 AM,0.037371504
7,7,7:18:43 AM,7:20:06 AM,0.00095711
7,7,7:34:31 AM,7:36:10 AM,0.00114144
7,7,8:10:53 AM,11:52:24 AM,0.153822881
7,7,8:27:30 AM,2:16:06 PM,0.2420896
7,7,8:28:32 AM,1:42:18 PM,0.21789844
7,7,8:40:08 AM,8:46:05 AM,0.004133092
7,7,8:55:06 AM,1:38:51 PM,0.197050007
7,7,9:14:15 AM,8:16:02 PM,0.459580712
7,7,12:21:55 PM,2:54:52 PM,0.106225776
7,7,1:41:44 PM,12:25:30 AM,0.447061421
7,7,5:17:59 PM,9:12:21 AM,0.662753491
7,7,8:03:05 PM,9:56:08 PM,0.07850613
7,7,11:10:50 PM,1:01:08 PM,0.576596895
7,7,11:47:10 PM,12:49:54 AM,0.043567198
8,1,12:14:45 AM,10:59:25 AM,0.447689734
8,1,5:11:11 AM,5:37:24 PM,0.518200135
8,1,8:51:53 AM,10:26:38 AM,0.065790641
8,1,8:52:55 AM,10:37:52 AM,0.072874261
8,1,8:59:16 AM,12:08:23 PM,0.131331852
8,1,9:06:32 AM,3:39:21 PM,0.272797848
8,1,9:52:29 AM,4:52:44 PM,0.291841007
8,1,10:48:05 AM,11:19:55 AM,0.022109871
8,1,12:44:57 PM,4:50:15 PM,0.170347154
8,1,12:47:41 PM,7:59:20 PM,0.299760364
8,1,2:33:19 PM,3:50:07 PM,0.053340502
8,1,2:57:36 PM,5:55:39 PM,0.123648487
8,1,4:12:27 PM,5:11:02 PM,0.040691117
8,1,5:54:33 PM,6:22:15 PM,0.019238811
8,1,7:40:32 PM,3:26:53 AM,0.323857668
8,1,9:22:53 PM,2:28:20 AM,0.212118577
8,1,11:13:16 PM,3:25:14 AM,0.174974224
9,2,12:18:21 AM,1:47:30 AM,0.061915537
9,2,1:45:57 AM,12:08:00 PM,0.431983993
9,2,5:12:59 AM,6:13:12 PM,0.541814662
9,2,8:45:54 AM,12:02:27 PM,0.13648943
9,2,8:49:16 AM,12:24:13 PM,0.149272037
9,2,8:50:54 AM,12:28:23 PM,0.151029104
9,2,8:54:47 AM,9:57:32 AM,0.043574549
9,2,9:03:46 AM,10:35:46 AM,0.063895118
9,2,9:58:45 AM,2:52:56 PM,0.204295304
9,2,10:50:43 AM,12:19:50 PM,0.0618872
9,2,12:50:03 PM,8:00:53 PM,0.299195472
9,2,1:27:54 PM,8:03:33 PM,0.2747581
9,2,3:23:03 PM,9:12:54 PM,0.242960985
9,2,5:02:05 PM,10:45:48 PM,0.238683129
9,2,6:00:14 PM,10:22:12 PM,0.181923644
9,2,7:16:18 PM,2:27:31 AM,0.299458378
9,2,8:08:53 PM,3:36:48 AM,0.311048652
9,2,9:18:26 PM,10:53:55 PM,0.066307914
9,2,10:54:57 PM,6:04:09 AM,0.298051749
10,3,12:44:37 AM,8:49:02 AM,0.336404373
10,3,3:57:26 AM,8:52:29 AM,0.204893844
10,3,4:46:55 AM,9:02:04 AM,0.177185788
10,3,10:40:21 AM,1:20:33 PM,0.111255582
10,3,10:49:19 AM,4:58:20 PM,0.25625902
10,3,10:57:21 AM,2:32:21 PM,0.149296364
10,3,12:47:52 PM,2:17:55 PM,0.062536326
10,3,2:36:34 PM,8:26:26 PM,0.242967807
10,3,2:44:17 PM,3:25:56 PM,0.028917859
10,3,3:44:44 PM,11:41:55 PM,0.331369872
10,3,4:28:21 PM,7:57:39 PM,0.145343625
10,3,5:49:05 PM,6:14:32 PM,0.017672224
10,3,7:20:14 PM,12:41:13 AM,0.222900108
10,3,7:52:12 PM,12:16:41 AM,0.183664679
10,3,8:20:20 PM,12:18:31 AM,0.165404088
10,3,8:50:21 PM,2:40:41 AM,0.243290554
10,3,8:50:31 PM,10:03:32 PM,0.050708944
10,3,9:15:18 PM,10:54:45 PM,0.069071633
10,3,10:05:59 PM,4:11:43 AM,0.253977075
10,3,10:11:41 PM,12:59:44 AM,0.116702664
10,3,10:16:17 PM,2:42:27 AM,0.184840281
10,3,11:15:51 PM,6:22:08 AM,0.296022896
10,3,11:51:47 PM,6:16:26 AM,0.267117221
11,4,12:30:03 AM,3:05:47 PM,0.608138371
11,4,2:32:17 AM,12:39:49 PM,0.42189948
11,4,3:38:35 AM,5:43:29 AM,0.086740853
11,4,6:54:23 AM,8:15:04 AM,0.056027991
11,4,7:12:54 AM,8:54:26 AM,0.070509469
11,4,7:18:53 AM,7:32:51 AM,0.009700566
11,4,7:25:27 AM,7:30:41 AM,0.003637107
11,4,7:40:38 AM,8:12:27 AM,0.022093472
11,4,7:59:31 AM,8:27:36 AM,0.01950755
11,4,8:03:45 AM,11:27:11 AM,0.14126825
11,4,8:12:29 AM,9:32:46 AM,0.055746831
11,4,8:17:34 AM,9:29:57 AM,0.050269223
11,4,8:20:39 AM,9:48:08 AM,0.060754905
11,4,8:26:20 AM,9:18:18 AM,0.036079908
11,4,8:35:50 AM,9:08:21 AM,0.022579483
11,4,8:43:27 AM,9:55:57 AM,0.050351142
11,4,8:47:28 AM,9:58:36 AM,0.049396078
11,4,8:51:11 AM,9:35:31 AM,0.030796334
11,4,8:51:11 AM,11:29:48 AM,0.110152396
11,4,8:52:06 AM,10:27:56 AM,0.066560821
11,4,8:59:05 AM,11:59:05 AM,0.12500105
11,4,9:01:33 AM,2:05:21 PM,0.210973875
11,4,9:20:41 AM,4:36:05 PM,0.302357408
11,4,9:39:23 AM,10:15:22 AM,0.024985942
11,4,11:12:24 AM,4:26:00 PM,0.217772905
11,4,1:01:50 PM,1:02:41 PM,0.000585333
11,4,2:25:46 PM,5:55:14 PM,0.145460166
11,4,3:13:40 PM,10:30:17 PM,0.303213073
11,4,4:16:24 PM,10:13:35 PM,0.248047831
11,4,4:39:10 PM,8:15:52 PM,0.150484421
11,4,5:29:56 PM,6:26:38 PM,0.039382137
11,4,5:52:11 PM,9:28:20 PM,0.150100003
11,4,7:18:00 PM,12:47:33 AM,0.228854631
11,4,8:41:57 PM,2:17:18 AM,0.232874867
11,4,9:13:37 PM,9:36:39 PM,0.015995694
11,4,10:17:48 PM,2:05:08 AM,0.157877377
11,4,11:22:52 PM,2:17:16 AM,0.121113173
12,5,1:03:36 AM,2:20:41 PM,0.553536897
12,5,6:39:13 AM,7:55:40 AM,0.053091891
12,5,6:50:26 AM,6:51:11 AM,0.000516338
12,5,7:07:49 AM,8:17:22 AM,0.048292155
12,5,7:07:56 AM,7:48:58 AM,0.028490133
12,5,7:19:38 AM,8:08:19 AM,0.033804164
12,5,7:26:25 AM,9:23:24 AM,0.081243261
12,5,7:36:29 AM,7:50:58 AM,0.010057018
12,5,7:54:03 AM,8:14:44 AM,0.014370741
12,5,7:56:00 AM,8:29:30 AM,0.023263823
12,5,8:01:03 AM,8:50:02 AM,0.034018261
12,5,8:10:49 AM,10:52:57 AM,0.112597814
12,5,8:13:31 AM,8:14:11 AM,0.000458817
12,5,8:20:19 AM,9:05:24 AM,0.031306194
12,5,8:30:17 AM,9:50:04 AM,0.055404583
12,5,8:31:03 AM,11:20:45 AM,0.117850417
12,5,8:34:24 AM,11:28:52 AM,0.121153825
12,5,8:35:56 AM,10:28:52 AM,0.078426771
12,5,8:43:41 AM,10:32:46 AM,0.075748636
12,5,8:47:01 AM,9:12:12 AM,0.017485716
12,5,8:51:35 AM,11:31:55 AM,0.111344164
12,5,8:58:22 AM,9:54:48 AM,0.039179192
12,5,8:59:43 AM,10:09:44 AM,0.048625633
12,5,9:05:09 AM,10:02:36 AM,0.039897171
12,5,9:22:32 AM,10:33:35 AM,0.049342589
12,5,9:56:13 AM,3:00:09 PM,0.211065485
12,5,11:19:27 AM,2:46:21 PM,0.143676318
12,5,11:25:28 AM,5:26:00 PM,0.250368372
12,5,11:37:26 AM,7:17:26 PM,0.319447629
12,5,1:03:19 PM,1:34:31 PM,0.021665807
12,5,2:54:49 PM,4:12:04 PM,0.053651407
12,5,4:13:51 PM,11:58:14 PM,0.322485307
12,5,4:49:57 PM,6:47:18 PM,0.081499308
12,5,5:41:07 PM,11:02:28 PM,0.223165561
12,5,7:25:47 PM,7:41:52 PM,0.011169041
12,5,9:01:57 PM,11:27:53 PM,0.101334746
12,5,10:06:03 PM,5:03:35 AM,0.28995765
12,5,11:44:10 PM,2:52:51 AM,0.131033809
13,6,1:18:39 AM,12:47:32 PM,0.478387699
13,6,4:38:45 AM,1:22:48 AM,0.863918512
13,6,9:58:56 AM,10:21:25 PM,0.515608721
13,6,11:15:09 AM,7:02:02 PM,0.324221612
13,6,12:52:33 PM,5:19:37 PM,0.185459943
13,6,3:44:04 PM,10:54:53 PM,0.299179509
13,6,6:30:26 PM,4:35:41 AM,0.420313023
13,6,8:36:12 PM,9:33:35 AM,0.539852224
13,6,9:40:12 PM,10:11:05 PM,0.021448987
13,6,11:27:49 PM,3:03:38 AM,0.149877579
14,7,1:27:55 AM,6:28:20 PM,0.70861975
14,7,2:52:58 AM,6:05:45 AM,1.133874772
14,7,10:50:15 AM,11:06:09 AM,0.011043064
14,7,12:56:38 PM,6:29:44 PM,0.231318734
14,7,4:25:17 PM,9:30:32 PM,0.211981675
14,7,7:20:41 PM,8:47:50 PM,0.06051323
14,7,8:59:06 PM,11:33:28 PM,0.107205975
14,7,11:38:42 PM,11:23:57 AM,0.489755041
15,1,1:31:58 AM,9:01:54 AM,0.312459854
15,1,4:32:22 AM,11:10:19 AM,0.276347227
15,1,4:48:58 AM,6:02:19 AM,0.05094391
15,1,8:17:14 AM,9:13:07 AM,0.038807758
15,1,8:27:09 AM,9:24:50 AM,0.040065536
15,1,8:29:38 AM,9:34:38 AM,0.045129539
15,1,8:35:03 AM,8:47:54 AM,0.008929696
15,1,8:39:40 AM,10:29:21 AM,0.076170039
15,1,8:41:09 AM,9:40:23 AM,0.04112934
15,1,8:47:51 AM,9:47:20 AM,0.041307323
15,1,8:56:35 AM,9:40:34 AM,0.030547214
15,1,9:01:57 AM,2:53:16 PM,0.243969884
15,1,10:34:56 AM,5:37:21 PM,0.293340018
15,1,11:59:06 AM,3:14:25 PM,0.13563347
15,1,1:53:00 PM,4:47:19 PM,0.121060146
15,1,2:08:03 PM,8:01:22 PM,0.245350098
15,1,3:52:03 PM,8:19:22 PM,0.185641126
15,1,4:54:18 PM,6:05:51 PM,0.049685114
15,1,6:27:23 PM,9:24:22 PM,0.122905226
15,1,6:31:12 PM,1:36:24 AM,0.295278882
15,1,7:07:52 PM,11:53:36 PM,0.198430447
15,1,7:46:03 PM,12:14:48 AM,0.186628954
15,1,7:51:30 PM,10:03:35 PM,0.091720595
15,1,9:15:02 PM,11:04:39 PM,0.076124753
15,1,10:55:52 PM,3:09:44 AM,0.176299894
16,2,12:16:41 AM,7:02:02 AM,0.281503725
16,2,4:59:36 AM,6:11:44 PM,0.550096538
16,2,7:39:35 AM,8:21:36 AM,0.029169826
16,2,7:57:45 AM,8:10:09 AM,0.00861464
16,2,8:03:07 AM,9:23:12 AM,0.055624745
16,2,8:08:37 AM,9:21:46 AM,0.050796185
16,2,8:15:19 AM,10:21:08 AM,0.087366913
16,2,8:17:33 AM,8:28:25 AM,0.007538921
16,2,8:18:39 AM,8:26:41 AM,0.00557796
16,2,8:23:45 AM,10:16:13 AM,0.07810114
16,2,8:33:34 AM,9:45:37 AM,0.050030393
16,2,8:35:18 AM,9:17:54 AM,0.029584934
16,2,8:40:47 AM,12:11:50 PM,0.146572182
16,2,8:42:21 AM,11:28:19 AM,0.1152524
16,2,8:42:31 AM,11:28:04 AM,0.114958009
16,2,8:48:04 AM,12:01:03 PM,0.134017421
16,2,8:56:26 AM,11:07:45 AM,0.091195618
16,2,9:05:22 AM,2:00:57 PM,0.205269334
16,2,10:34:23 AM,5:11:39 PM,0.275887552
16,2,11:52:53 AM,5:04:31 PM,0.216409997
16,2,11:54:26 AM,1:48:37 PM,0.079286144
16,2,1:42:19 PM,2:22:38 PM,0.027998242
16,2,3:11:19 PM,7:27:55 PM,0.178186545
16,2,4:58:23 PM,10:02:08 PM,0.210928379
16,2,6:03:01 PM,8:44:58 PM,0.112459104
16,2,7:59:55 PM,11:05:15 PM,0.128702275
16,2,9:55:38 PM,12:10:57 AM,0.093970119
16,2,11:11:22 PM,2:51:43 AM,0.15302161
16,2,11:39:17 PM,1:54:06 AM,0.093633784
17,3,12:00:51 AM,11:09:18 AM,0.464207861
17,3,4:03:20 AM,7:17:32 AM,0.134856176
17,3,7:19:12 AM,7:45:23 AM,0.018187197
17,3,7:27:07 AM,8:28:21 AM,0.042530273
17,3,7:34:38 AM,9:23:52 AM,0.075849273
17,3,7:39:50 AM,9:28:08 AM,0.075208398
17,3,7:59:13 AM,9:36:59 AM,0.067894403
17,3,8:18:08 AM,8:56:32 AM,0.026671032
17,3,8:18:13 AM,10:42:45 AM,0.100374858
17,3,8:20:55 AM,10:57:01 AM,0.108399813
17,3,8:30:16 AM,9:05:21 AM,0.024358564
17,3,8:31:57 AM,12:21:21 PM,0.159310752
17,3,8:37:43 AM,9:46:09 AM,0.047522681
17,3,8:44:13 AM,10:56:45 AM,0.092039431
17,3,8:51:21 AM,11:01:00 AM,0.090031244
17,3,8:56:22 AM,11:58:17 AM,0.126333051
17,3,9:01:08 AM,3:49:54 PM,0.28385771
17,3,9:42:18 AM,12:49:19 PM,0.129876174
17,3,11:18:29 AM,2:40:56 PM,0.140584618
17,3,1:12:08 PM,6:36:00 PM,0.224911163
17,3,1:23:00 PM,1:33:44 PM,0.007457755
17,3,2:28:42 PM,3:05:04 PM,0.025253877
17,3,3:00:05 PM,4:20:27 PM,0.055807822
17,3,3:55:30 PM,10:27:09 PM,0.271982371
17,3,4:27:40 PM,7:10:13 PM,0.112882643
17,3,5:43:33 PM,1:25:39 AM,0.320899927
17,3,6:03:49 PM,10:10:15 PM,0.171131602
17,3,6:44:30 PM,7:18:58 PM,0.023933293
17,3,7:01:45 PM,2:13:51 AM,0.3000601
17,3,7:44:28 PM,2:01:50 AM,0.262056537
17,3,8:24:16 PM,3:54:07 AM,0.312397739
17,3,9:41:58 PM,10:30:13 PM,0.033498659
17,3,10:34:07 PM,3:56:36 AM,0.2239488
17,3,10:53:49 PM,2:37:10 AM,0.15510226
17,3,11:16:40 PM,12:04:17 AM,0.033064924
18,4,12:41:56 AM,2:23:37 PM,0.570609452
18,4,5:23:31 AM,1:09:14 PM,0.323417006
18,4,6:16:16 AM,8:13:17 AM,0.081266968
18,4,6:31:18 AM,7:45:09 AM,0.051284475
18,4,6:42:05 AM,8:38:44 AM,0.081013967
18,4,6:43:44 AM,7:42:25 AM,0.04075194
18,4,6:51:37 AM,7:10:35 AM,0.013177005
18,4,7:09:56 AM,7:15:53 AM,0.004129753
18,4,7:24:14 AM,9:10:25 AM,0.073734622
18,4,7:40:45 AM,9:02:37 AM,0.056858357
18,4,7:56:17 AM,9:20:18 AM,0.058352253
18,4,8:09:04 AM,10:15:25 AM,0.087743541
18,4,8:12:22 AM,8:46:16 AM,0.023538225
18,4,8:19:04 AM,10:29:19 AM,0.090450111
18,4,8:22:26 AM,11:46:05 AM,0.141423158
18,4,8:31:24 AM,9:23:00 AM,0.035830564
18,4,8:34:38 AM,11:23:35 AM,0.117333489
18,4,8:39:10 AM,10:16:50 AM,0.067817868
18,4,8:43:15 AM,12:07:28 PM,0.141812741
18,4,8:52:28 AM,10:07:58 AM,0.052427678
18,4,8:54:37 AM,11:51:18 AM,0.122704572
18,4,8:56:54 AM,9:01:20 AM,0.003079137
18,4,8:59:09 AM,11:08:41 AM,0.089951767
18,4,9:08:04 AM,12:21:54 PM,0.134607295
18,4,9:47:54 AM,11:20:09 AM,0.064066668
18,4,10:48:43 AM,1:16:04 PM,0.102327919
18,4,12:41:34 PM,7:07:16 PM,0.267854778
18,4,2:01:20 PM,4:53:57 PM,0.119870032
18,4,2:36:41 PM,6:14:50 PM,0.151493645
18,4,4:17:58 PM,7:19:55 PM,0.126346442
18,4,4:51:29 PM,7:51:50 PM,0.125236356
18,4,5:07:25 PM,9:44:06 PM,0.192147032
18,4,6:11:45 PM,11:56:48 PM,0.239612151
18,4,7:45:59 PM,1:46:51 AM,0.250600166
18,4,7:52:33 PM,8:19:40 PM,0.01882464
18,4,9:19:21 PM,10:27:08 PM,0.047065581
18,4,9:43:31 PM,1:50:04 AM,0.171218517
18,4,11:08:37 PM,11:25:34 PM,0.011764227
18,4,11:33:19 PM,2:56:32 AM,0.141125065
19,5,12:49:24 AM,1:04:22 AM,0.010393565
19,5,3:11:18 AM,7:09:52 AM,0.16567501
19,5,5:20:33 AM,5:56:49 AM,0.025188609
19,5,7:26:41 AM,7:57:04 AM,0.021100952
19,5,7:43:35 AM,9:00:05 AM,0.053129639
19,5,8:01:39 AM,9:44:58 AM,0.071741479
19,5,8:04:31 AM,8:49:47 AM,0.031430186
19,5,8:07:54 AM,9:00:57 AM,0.03684271
19,5,8:15:54 AM,8:48:33 AM,0.022680653
19,5,8:16:42 AM,8:45:22 AM,0.019902314
19,5,8:25:09 AM,9:59:28 AM,0.065487649
19,5,8:26:37 AM,10:04:14 AM,0.067796373
19,5,8:32:27 AM,8:48:11 AM,0.010920266
19,5,8:34:42 AM,12:19:25 PM,0.156048318
19,5,8:37:12 AM,11:46:03 AM,0.131148083
19,5,8:39:34 AM,10:42:57 AM,0.085691197
19,5,8:43:07 AM,8:59:22 AM,0.011287558
19,5,8:50:02 AM,10:44:32 AM,0.079518068
19,5,8:51:36 AM,11:12:19 AM,0.097716687
19,5,8:55:45 AM,12:20:05 PM,0.14190652
19,5,8:59:02 AM,12:38:53 PM,0.152667036
19,5,9:03:04 AM,11:41:09 AM,0.109777711
19,5,9:24:01 AM,12:05:12 PM,0.111942436
19,5,10:55:00 AM,2:32:56 PM,0.151340081
19,5,12:17:05 PM,1:51:42 PM,0.065704944
19,5,1:26:08 PM,2:45:33 PM,0.055154665
19,5,2:35:00 PM,9:33:11 PM,0.290398706
19,5,4:10:31 PM,11:47:58 PM,0.317673218
19,5,5:40:19 PM,9:39:04 PM,0.165801594
19,5,7:36:49 PM,1:19:03 AM,0.237661529
19,5,8:29:18 PM,3:55:29 AM,0.309847712
19,5,9:04:16 PM,10:11:53 PM,0.046955468
19,5,10:40:41 PM,5:13:18 AM,0.272643784
19,5,11:14:15 PM,11:40:04 PM,0.017918768
20,6,1:06:34 AM,12:56:56 AM,0.99331711
20,6,10:44:35 AM,3:41:05 PM,0.205895216
20,6,1:14:33 PM,2:01:50 AM,0.53284444
20,6,3:44:27 PM,3:55:52 PM,0.007921956
20,6,5:14:34 PM,5:30:28 PM,0.011048775
20,6,7:19:09 PM,3:38:06 AM,0.346485955
20,6,10:03:00 PM,12:09:59 AM,0.088192814
21,7,1:28:18 AM,8:08:14 AM,0.277729897
21,7,7:40:57 AM,11:07:15 AM,0.143264734
21,7,8:14:21 AM,3:46:16 PM,0.313826965
21,7,8:24:10 AM,9:02:52 AM,0.026873518
21,7,8:34:14 AM,3:02:16 PM,0.269468767
21,7,8:42:36 AM,11:05:58 AM,0.099557783
21,7,8:56:08 AM,10:09:12 AM,0.050738589
21,7,9:07:41 AM,1:01:52 PM,0.162624165
21,7,10:36:41 AM,10:48:06 AM,0.007927378
21,7,11:20:09 AM,11:00:25 PM,0.486297389
21,7,1:05:52 PM,9:01:53 PM,0.330573378
21,7,2:33:59 PM,5:48:27 PM,0.13504275
21,7,5:23:16 PM,5:29:45 AM,0.504509811
21,7,6:16:20 PM,3:57:45 AM,0.403768213
21,7,9:48:54 PM,4:17:55 AM,0.270144542
22,1,1:34:18 AM,12:10:20 PM,0.441689736
22,1,5:01:17 AM,8:07:38 PM,0.629409111
22,1,9:19:36 AM,12:51:09 PM,0.146904384
22,1,9:42:48 AM,5:25:30 PM,0.321319832
22,1,11:24:48 AM,4:05:53 PM,0.195198873
22,1,11:46:33 AM,1:25:16 PM,0.068553741
22,1,12:16:34 PM,4:01:11 PM,0.155974623
22,1,1:34:44 PM,2:58:11 PM,0.057954243
22,1,2:00:04 PM,7:53:10 PM,0.24520972
22,1,2:21:48 PM,7:23:50 PM,0.209738757
22,1,2:34:51 PM,4:54:57 PM,0.097298549
22,1,2:40:23 PM,7:29:11 PM,0.200545742
22,1,2:45:35 PM,6:18:45 PM,0.14802521
22,1,3:59:35 PM,5:08:29 PM,0.047841
22,1,5:07:53 PM,8:59:31 PM,0.160853656
22,1,5:43:50 PM,1:18:46 AM,0.315928916
22,1,6:01:28 PM,10:44:27 PM,0.196520281
22,1,7:04:21 PM,9:26:43 PM,0.098866862
22,1,8:09:19 PM,1:50:14 AM,0.236740373
22,1,8:36:38 PM,3:57:04 AM,0.30585991
22,1,8:59:31 PM,3:55:59 AM,0.289213145
22,1,9:43:09 PM,3:19:10 AM,0.233348543
22,1,10:28:38 PM,4:29:43 AM,0.250758171
22,1,10:55:33 PM,1:46:57 AM,0.119027712
23,2,12:35:59 AM,1:31:33 AM,0.038581972
23,2,4:35:38 AM,1:12:15 PM,0.358769759
23,2,7:42:41 AM,9:07:52 AM,0.059148466
23,2,7:56:59 AM,8:30:57 AM,0.023594701
23,2,8:07:16 AM,10:33:32 AM,0.101576451
23,2,8:09:24 AM,11:40:55 AM,0.146892744
23,2,8:14:54 AM,12:01:20 PM,0.157244962
23,2,8:17:32 AM,10:30:59 AM,0.09268168
23,2,8:25:54 AM,8:37:13 AM,0.007858886
23,2,8:35:34 AM,11:38:18 AM,0.126892624
23,2,8:42:55 AM,12:39:29 PM,0.16427581
23,2,8:51:45 AM,9:07:44 AM,0.011101001
23,2,8:54:46 AM,10:46:10 AM,0.077351963
23,2,8:55:18 AM,10:18:13 AM,0.05757031
23,2,8:56:31 AM,9:41:00 AM,0.03089116
23,2,8:59:33 AM,8:59:46 AM,0.000148247
23,2,9:09:14 AM,1:28:38 PM,0.180135782
23,2,9:27:03 AM,3:15:10 PM,0.241747987
23,2,9:33:26 AM,10:56:47 AM,0.057879834
23,2,10:08:13 AM,12:40:03 PM,0.105437117
23,2,11:12:55 AM,4:01:55 PM,0.200690301
23,2,12:26:37 PM,4:50:17 PM,0.183104252
23,2,1:55:17 PM,4:00:21 PM,0.086840328
23,2,2:31:02 PM,6:30:08 PM,0.166044094
23,2,3:02:30 PM,9:46:59 PM,0.2808977
23,2,4:00:19 PM,9:37:54 PM,0.234433848
23,2,5:05:16 PM,7:27:28 PM,0.098740197
23,2,6:36:01 PM,10:26:04 PM,0.159765835
23,2,6:37:06 PM,1:58:47 AM,0.306713373
23,2,8:26:28 PM,9:53:00 PM,0.060089112
23,2,9:11:11 PM,12:28:56 AM,0.137329018
23,2,10:08:21 PM,11:02:33 PM,0.037644767
23,2,10:20:59 PM,11:26:48 PM,0.045701546
23,2,11:45:50 PM,2:39:58 AM,0.120929545
23,2,11:46:58 PM,5:21:29 AM,0.232305072
24,3,1:34:50 AM,3:57:21 PM,0.598973827
24,3,5:54:00 AM,3:52:05 PM,0.415332137
24,3,6:16:43 AM,7:21:09 AM,0.044750139
24,3,6:19:32 AM,7:55:52 AM,0.066905518
24,3,6:38:55 AM,8:15:14 AM,0.066895325
24,3,6:55:23 AM,7:29:18 AM,0.023550403
24,3,6:58:21 AM,7:51:49 AM,0.037130661
24,3,7:02:33 AM,7:56:26 AM,0.037420642
24,3,7:14:30 AM,7:37:10 AM,0.015733465
24,3,7:19:43 AM,9:07:22 AM,0.074747948
24,3,7:34:51 AM,8:16:16 AM,0.028755325
24,3,7:49:05 AM,8:35:12 AM,0.032027542
24,3,8:05:40 AM,9:29:36 AM,0.058292386
24,3,8:06:33 AM,11:40:06 AM,0.148297885
24,3,8:08:37 AM,10:21:11 AM,0.09206628
24,3,8:13:18 AM,9:29:28 AM,0.05288625
24,3,8:14:33 AM,11:51:26 AM,0.150617227
24,3,8:22:58 AM,10:47:44 AM,0.10052755
24,3,8:28:28 AM,11:33:26 AM,0.128450005
24,3,8:29:22 AM,10:33:42 AM,0.086341915
24,3,8:32:15 AM,10:43:30 AM,0.091142412
24,3,8:38:28 AM,10:07:51 AM,0.062069354
24,3,8:40:35 AM,9:53:20 AM,0.050522708
24,3,8:46:27 AM,11:32:06 AM,0.115040446
24,3,8:48:41 AM,11:34:22 AM,0.115067181
24,3,8:53:42 AM,12:25:55 PM,0.14738248
24,3,8:58:00 AM,10:19:22 AM,0.056503546
24,3,9:00:23 AM,3:24:55 PM,0.267039828
24,3,9:24:29 AM,4:46:13 PM,0.306751272
24,3,9:38:39 AM,3:08:06 PM,0.228791768
24,3,10:30:56 AM,4:16:56 PM,0.24027663
24,3,11:55:33 AM,6:18:18 PM,0.265796416
24,3,12:18:27 PM,2:57:24 PM,0.110383089
24,3,1:20:33 PM,1:54:19 PM,0.023448414
24,3,3:11:55 PM,8:06:01 PM,0.204233692
24,3,4:49:54 PM,12:34:39 AM,0.322745454
24,3,6:23:05 PM,8:59:25 PM,0.108564334
24,3,7:19:30 PM,10:00:13 PM,0.11161227
24,3,7:59:10 PM,8:18:31 PM,0.013435255
24,3,8:31:10 PM,9:09:55 PM,0.0269044
24,3,8:52:24 PM,12:02:45 AM,0.132188794
24,3,10:43:59 PM,2:23:48 AM,0.15264647
24,3,11:28:46 PM,11:42:13 PM,0.00933853
24,3,11:47:25 PM,6:32:30 AM,0.281312588
25,4,12:10:31 AM,12:16:32 AM,0.004184207
25,4,3:20:19 AM,12:53:03 PM,0.397730066
25,4,9:00:10 AM,3:07:06 PM,0.254812682
25,4,9:56:45 AM,11:49:10 AM,0.078063197
25,4,11:53:07 AM,6:34:15 PM,0.27856389
25,4,12:25:28 PM,8:08:31 PM,0.321561704
25,4,1:34:36 PM,2:51:46 PM,0.053589828
25,4,2:16:56 PM,5:53:48 PM,0.150595027
25,4,4:02:48 PM,10:56:16 PM,0.287131542
25,4,5:16:02 PM,6:39:03 PM,0.057648858
25,4,6:00:11 PM,12:26:13 AM,0.26807463
25,4,6:16:58 PM,7:53:36 PM,0.067105144
25,4,6:39:41 PM,10:12:30 PM,0.147788422
25,4,7:24:52 PM,10:35:53 PM,0.132645569
25,4,8:14:55 PM,1:29:08 AM,0.218200337
25,4,9:26:29 PM,2:25:58 AM,0.207968117
25,4,10:04:03 PM,10:53:33 PM,0.034380735
25,4,10:50:00 PM,1:50:42 AM,0.125491467
26,5,12:48:47 AM,6:01:50 AM,0.217392805
26,5,3:29:16 AM,5:54:52 PM,0.601110809
26,5,4:01:10 AM,10:39:40 AM,0.276737142
26,5,7:33:15 AM,9:26:55 AM,0.078934051
26,5,7:34:58 AM,9:01:52 AM,0.06034983
26,5,7:44:24 AM,9:40:17 AM,0.080468472
26,5,7:45:29 AM,7:47:49 AM,0.001616694
26,5,7:53:41 AM,9:23:37 AM,0.062456189
26,5,8:12:46 AM,11:27:57 AM,0.135548952
26,5,8:22:42 AM,10:15:39 AM,0.07844042
26,5,8:31:52 AM,10:05:21 AM,0.064915243
26,5,8:34:00 AM,11:39:37 AM,0.128901795
26,5,8:39:32 AM,10:58:41 AM,0.096635891
26,5,8:45:30 AM,12:04:24 PM,0.138119988
26,5,8:49:25 AM,9:13:36 AM,0.016792571
26,5,8:54:15 AM,9:29:59 AM,0.024815751
26,5,9:01:15 AM,1:07:04 PM,0.170712331
26,5,9:14:32 AM,4:56:34 PM,0.320849399
26,5,11:06:45 AM,4:52:14 PM,0.23992501
26,5,12:08:25 PM,1:31:59 PM,0.058037812
26,5,1:44:30 PM,3:42:14 PM,0.081763882
26,5,3:01:16 PM,7:33:14 PM,0.188861711
26,5,4:58:01 PM,8:15:55 PM,0.137430235
26,5,6:44:02 PM,11:10:40 PM,0.185161171
26,5,7:09:46 PM,7:40:21 PM,0.021246013
26,5,7:50:00 PM,9:55:16 PM,0.086989458
26,5,8:38:43 PM,11:16:12 PM,0.109365238
26,5,9:04:38 PM,10:47:59 PM,0.071773591
26,5,10:43:21 PM,1:42:29 AM,0.124397718
27,6,12:20:06 AM,12:59:29 AM,0.027358829
27,6,9:08:28 AM,5:17:21 PM,0.339500143
27,6,12:09:18 PM,5:08:32 PM,0.207801664
27,6,2:44:25 PM,5:40:31 AM,0.622280969
27,6,5:28:07 PM,9:23:24 PM,0.163402512
27,6,7:32:29 PM,3:59:14 AM,0.351908003
27,6,9:49:13 PM,10:30:41 AM,0.528799955
28,7,1:41:31 AM,4:49:18 AM,1.130400014
28,7,2:16:01 AM,6:02:51 AM,0.157522378
28,7,4:48:47 AM,11:31:15 AM,0.27949061
28,7,4:12:54 PM,6:11:58 PM,0.082685018
28,7,6:36:36 PM,10:26:50 AM,0.659878159
28,7,7:56:09 PM,8:02:14 AM,0.504219222
28,7,11:55:26 PM,4:04:08 AM,0.172705069
29,1,2:42:14 AM,3:04:07 PM,0.515197596
29,1,4:18:51 AM,3:15:16 PM,0.455844015
29,1,6:36:43 AM,8:18:31 AM,0.070691196
29,1,6:42:23 AM,8:17:07 AM,0.065780997
29,1,6:50:43 AM,6:56:16 AM,0.003846098
29,1,6:55:06 AM,7:13:36 AM,0.012844336
29,1,7:00:26 AM,8:05:00 AM,0.044840834
29,1,7:06:42 AM,8:32:30 AM,0.059580918
29,1,7:09:25 AM,7:33:59 AM,0.01705995
29,1,7:18:08 AM,8:07:33 AM,0.034322455
29,1,7:30:11 AM,8:55:34 AM,0.059292884
29,1,7:31:31 AM,7:49:07 AM,0.012215438
29,1,7:49:03 AM,8:52:55 AM,0.044353543
29,1,7:55:06 AM,8:31:49 AM,0.025498274
29,1,8:04:24 AM,10:17:43 AM,0.092581
29,1,8:07:27 AM,11:36:17 AM,0.145023995
29,1,8:07:56 AM,11:12:59 AM,0.128506453
29,1,8:10:35 AM,10:01:59 AM,0.077355011
29,1,8:15:31 AM,12:10:42 PM,0.163317049
29,1,8:17:20 AM,11:29:21 AM,0.133347368
29,1,8:24:03 AM,9:33:44 AM,0.048384456
29,1,8:24:16 AM,11:25:47 AM,0.126052478
29,1,8:27:23 AM,10:51:46 AM,0.10026619
29,1,8:35:54 AM,10:46:15 AM,0.090530055
29,1,8:39:23 AM,12:01:45 PM,0.140537806
29,1,8:44:51 AM,12:44:19 PM,0.166303328
29,1,8:49:40 AM,11:44:40 AM,0.121530992
29,1,8:50:36 AM,9:09:13 AM,0.012926729
29,1,8:59:40 AM,9:18:36 AM,0.013148706
29,1,9:02:29 AM,12:09:17 PM,0.129716722
29,1,10:39:59 AM,3:36:03 PM,0.20559341
29,1,12:11:46 PM,7:02:54 PM,0.285502599
29,1,2:09:32 PM,8:23:56 PM,0.259999326
29,1,3:42:55 PM,10:17:21 PM,0.273906767
29,1,4:15:25 PM,7:07:16 PM,0.119334216
29,1,4:51:41 PM,5:38:13 PM,0.032311869
29,1,6:27:06 PM,1:17:38 AM,0.285090035
29,1,7:20:43 PM,7:49:11 PM,0.019768883
29,1,9:03:55 PM,3:52:44 AM,0.283909776
29,1,9:12:13 PM,5:03:40 AM,0.327392582
29,1,10:44:58 PM,12:46:03 AM,0.084082778
29,1,11:44:18 PM,6:07:15 AM,0.265931034
30,2,12:49:32 AM,10:10:57 AM,0.389875127
30,2,1:25:37 AM,5:07:47 PM,0.654288804
30,2,3:00:35 AM,6:23:01 PM,0.640578009
30,2,5:18:32 AM,8:35:33 AM,0.136816703
30,2,6:00:22 AM,6:39:23 AM,0.027092501
30,2,6:12:31 AM,7:22:05 AM,0.048305391
30,2,6:14:39 AM,6:21:45 AM,0.004931709
30,2,6:19:43 AM,7:15:11 AM,0.038519746
30,2,6:25:52 AM,7:25:46 AM,0.041596032
30,2,6:41:44 AM,8:35:04 AM,0.078703294
30,2,6:48:19 AM,8:40:54 AM,0.078177612
30,2,6:54:26 AM,8:21:08 AM,0.06020884
30,2,6:59:51 AM,8:20:16 AM,0.055846526
30,2,7:03:07 AM,8:51:12 AM,0.075058232
30,2,7:11:42 AM,7:59:03 AM,0.032874736
30,2,7:31:35 AM,8:34:27 AM,0.043657619
30,2,7:41:23 AM,8:46:48 AM,0.04541703
30,2,7:46:57 AM,8:48:41 AM,0.042872557
30,2,8:06:10 AM,9:38:38 AM,0.064209839
30,2,8:06:48 AM,8:34:46 AM,0.01942414
30,2,8:11:53 AM,12:03:42 PM,0.160991865
30,2,8:17:37 AM,11:39:55 AM,0.140482359
30,2,8:18:58 AM,10:05:59 AM,0.074318703
30,2,8:26:55 AM,11:49:27 AM,0.140643947
30,2,8:36:05 AM,10:24:44 AM,0.075452137
30,2,8:38:14 AM,10:36:16 AM,0.081972544
30,2,8:46:48 AM,12:41:12 PM,0.16278212
30,2,8:51:16 AM,12:15:26 PM,0.141782119
30,2,8:55:21 AM,11:13:00 AM,0.095591501
30,2,9:03:20 AM,11:18:42 AM,0.093994368
30,2,11:01:47 AM,2:46:59 PM,0.156386234
30,2,11:56:53 AM,2:37:54 PM,0.111815994
30,2,12:59:32 PM,6:39:32 PM,0.236111644
30,2,1:56:00 PM,7:10:51 PM,0.218647438
30,2,3:19:36 PM,11:09:19 PM,0.326187978
30,2,4:17:37 PM,8:57:33 PM,0.194395849
30,2,5:04:48 PM,6:04:53 PM,0.041719999
30,2,7:02:02 PM,10:38:33 PM,0.150354335
30,2,8:57:02 PM,1:31:37 AM,0.190685983
30,2,9:33:52 PM,1:26:28 AM,0.161523047
30,2,9:54:53 PM,4:00:34 AM,0.253949398
30,2,11:53:20 PM,2:05:14 AM,0.091598097
31,3,1:51:09 AM,10:10:45 AM,0.34694935
31,3,3:04:15 AM,4:40:00 AM,0.06650087
31,3,7:45:32 AM,9:13:54 AM,0.061365393
31,3,7:53:45 AM,8:34:53 AM,0.028564191
31,3,7:56:18 AM,8:04:00 AM,0.005351245
31,3,8:13:21 AM,10:51:30 AM,0.109821319
31,3,8:14:45 AM,9:47:23 AM,0.064328499
31,3,8:21:34 AM,12:01:51 PM,0.15297423
31,3,8:26:38 AM,11:38:16 AM,0.133085019
31,3,8:31:09 AM,9:58:05 AM,0.06037415
31,3,8:37:03 AM,11:06:34 AM,0.103828443
31,3,8:39:57 AM,8:40:30 AM,0.000381398
31,3,8:44:37 AM,11:39:03 AM,0.121137484
31,3,8:51:08 AM,10:32:31 AM,0.070409306
31,3,9:00:20 AM,11:56:40 AM,0.122455672
31,3,10:51:22 AM,12:19:23 PM,0.06112229
31,3,12:51:04 PM,3:20:20 PM,0.103654706
31,3,2:21:28 PM,4:56:02 PM,0.107331759
31,3,3:35:08 PM,3:51:04 PM,0.01106134
31,3,4:24:39 PM,11:43:13 PM,0.30454966
31,3,5:04:16 PM,6:48:20 PM,0.072266862
31,3,6:23:29 PM,7:52:41 PM,0.061943733
31,3,7:13:13 PM,11:16:29 PM,0.168931886
31,3,9:00:02 PM,11:31:31 PM,0.10519862
31,3,9:55:41 PM,3:18:01 AM,0.223845021
31,3,10:02:23 PM,10:26:59 PM,0.017088876
31,3,11:31:11 PM,4:31:28 AM,0.208528697
32,4,12:30:20 AM,6:20:05 AM,0.242889948
32,4,4:04:03 AM,8:03:15 AM,0.16611658
32,4,8:20:25 AM,9:36:17 AM,0.052684559
32,4,8:22:31 AM,10:38:03 AM,0.094129232
32,4,8:24:05 AM,9:44:59 AM,0.056177762
32,4,8:28:59 AM,10:05:31 AM,0.067037118
32,4,8:32:11 AM,12:28:09 PM,0.163864408
32,4,8:32:57 AM,10:36:39 AM,0.085906867
32,4,8:33:42 AM,9:07:18 AM,0.023333967
32,4,8:39:56 AM,11:11:10 AM,0.105020843
32,4,8:46:22 AM,9:31:07 AM,0.031082799
32,4,8:56:10 AM,12:31:06 PM,0.149253487
32,4,9:02:16 AM,9:07:11 AM,0.003419254
32,4,9:57:49 AM,10:52:00 AM,0.037622706
32,4,11:48:50 AM,12:40:23 PM,0.0358016
32,4,11:53:27 AM,5:41:16 PM,0.24153439
32,4,12:41:02 PM,3:31:08 PM,0.118121444
32,4,1:33:25 PM,6:22:33 PM,0.200788004
32,4,1:58:06 PM,8:06:05 PM,0.255543611
32,4,2:05:37 PM,7:30:38 PM,0.225702971
32,4,2:53:07 PM,4:19:46 PM,0.060175625
32,4,2:54:20 PM,6:42:23 PM,0.158373959
32,4,4:53:09 PM,11:34:56 PM,0.27901059
32,4,5:26:01 PM,11:06:58 PM,0.236772766
32,4,5:34:16 PM,9:21:51 PM,0.158044028
32,4,7:03:22 PM,2:29:23 AM,0.309734082
32,4,7:44:57 PM,1:33:40 AM,0.242168958
32,4,8:16:08 PM,3:06:56 AM,0.285278671
32,4,9:25:20 PM,2:38:36 AM,0.217546401
32,4,9:46:20 PM,9:54:16 PM,0.005517817
32,4,10:53:34 PM,3:01:36 AM,0.172242986
33,5,12:47:25 AM,4:22:17 AM,0.149221968
33,5,4:56:54 AM,5:15:40 AM,0.013026786
33,5,5:17:04 AM,8:29:11 AM,0.133412444
33,5,9:34:07 AM,4:05:29 PM,0.271783308
33,5,11:25:50 AM,7:02:56 PM,0.317421341
33,5,12:44:57 PM,5:28:23 PM,0.196830171
33,5,2:00:54 PM,4:44:39 PM,0.113712348
33,5,3:50:04 PM,7:16:32 PM,0.143378254
33,5,4:10:02 PM,7:56:48 PM,0.157482372
33,5,5:07:36 PM,9:54:17 PM,0.199077191
33,5,5:20:52 PM,7:16:25 PM,0.080241823
33,5,7:16:20 PM,9:04:08 PM,0.074865112
33,5,7:34:15 PM,11:56:07 PM,0.18185268
33,5,8:41:18 PM,12:41:34 AM,0.166845771
33,5,9:36:03 PM,10:34:20 PM,0.040480208
33,5,10:28:11 PM,12:17:47 AM,0.076116502
34,6,12:05:38 AM,2:43:42 AM,0.109766066
34,6,5:15:34 AM,4:28:31 PM,0.467332944
34,6,6:33:48 AM,7:39:35 AM,0.045679774
34,6,6:55:23 AM,7:13:06 AM,0.012295459
34,6,7:21:04 AM,9:52:25 AM,0.105110962
34,6,7:59:57 AM,11:08:20 AM,0.130817633
34,6,8:00:58 AM,12:03:08 PM,0.168171458
34,6,8:04:26 AM,12:41:27 PM,0.192377836
34,6,8:18:42 AM,10:21:55 AM,0.085569949
34,6,8:32:41 AM,8:52:57 AM,0.014075826
34,6,8:43:42 AM,2:18:29 PM,0.232481179
34,6,9:01:14 AM,3:59:09 PM,0.290219419
34,6,10:09:59 AM,6:37:06 PM,0.352164153
34,6,1:40:49 PM,6:38:16 PM,0.206558607
34,6,5:22:04 PM,5:55:39 AM,0.52331479
34,6,7:49:58 PM,6:58:45 AM,0.464427255
34,6,8:55:37 PM,9:14:48 AM,0.513326707
34,6,9:38:12 PM,11:22:38 AM,0.572525449
35,7,12:01:25 AM,2:06:19 AM,0.086730508
35,7,1:57:05 AM,2:01:54 AM,0.003351211
35,7,4:33:14 AM,12:29:17 AM,0.830591839
35,7,11:52:12 AM,2:49:11 PM,0.122901685
35,7,3:33:33 PM,3:21:49 AM,0.491862896
35,7,6:40:59 PM,8:26:51 PM,0.073516849
35,7,6:56:18 PM,1:49:19 AM,0.286816507
35,7,9:08:45 PM,4:08:17 AM,0.29133323
36,1,12:12:59 AM,12:13:01 AM,2.27E-05
36,1,12:31:40 AM,6:28:50 AM,0.248039074
36,1,1:47:03 AM,7:53:21 AM,0.254375848
36,1,7:32:34 AM,8:59:58 AM,0.060689668
36,1,7:48:53 AM,8:43:50 AM,0.038152836
36,1,7:50:09 AM,8:39:12 AM,0.034056729
36,1,8:08:03 AM,11:44:21 AM,0.150204082
36,1,8:08:21 AM,10:14:54 AM,0.087881575
36,1,8:08:27 AM,11:41:15 AM,0.147778219
36,1,8:14:10 AM,9:26:34 AM,0.050271491
36,1,8:16:32 AM,8:58:10 AM,0.028909979
36,1,8:21:58 AM,9:56:33 AM,0.065682322
36,1,8:30:26 AM,10:31:40 AM,0.084191597
36,1,8:39:40 AM,11:46:08 AM,0.1294887
36,1,8:39:45 AM,8:40:33 AM,0.000549224
36,1,8:44:32 AM,12:20:23 PM,0.149894222
36,1,8:50:35 AM,12:03:45 PM,0.134140463
36,1,8:59:23 AM,11:53:24 AM,0.120837273
36,1,9:07:43 AM,10:26:39 AM,0.054813263
36,1,10:34:32 AM,2:47:22 PM,0.175586468
36,1,10:36:49 AM,2:54:35 PM,0.179004792
36,1,11:04:01 AM,2:45:24 PM,0.153738199
36,1,11:54:32 AM,4:49:14 PM,0.204650119
36,1,12:03:34 PM,3:25:41 PM,0.140353709
36,1,12:38:57 PM,5:50:36 PM,0.216421326
36,1,1:44:26 PM,4:23:33 PM,0.110503633
36,1,3:19:15 PM,4:25:53 PM,0.046274098
36,1,4:57:28 PM,8:15:41 PM,0.137646419
36,1,5:26:34 PM,6:59:34 PM,0.064579114
36,1,6:33:21 PM,12:20:50 AM,0.241308854
36,1,6:41:53 PM,2:14:54 AM,0.314591991
36,1,7:25:41 PM,2:31:52 AM,0.295960403
36,1,7:55:25 PM,10:40:37 PM,0.114721558
36,1,8:11:18 PM,2:32:10 AM,0.264488574
36,1,9:37:21 PM,2:54:01 AM,0.219907609
36,1,11:29:42 PM,12:08:03 AM,0.026634564
37,2,12:58:04 AM,1:33:23 AM,0.024524216
37,2,5:48:16 AM,1:33:23 PM,0.322999736
37,2,8:42:00 AM,10:19:21 AM,0.06761052
37,2,8:50:47 AM,11:28:43 AM,0.10967619
37,2,8:54:44 AM,11:09:27 AM,0.093556178
37,2,9:01:05 AM,11:06:50 AM,0.087331576
37,2,9:33:25 AM,10:56:03 AM,0.057383939
37,2,10:17:55 AM,11:57:27 AM,0.069128925
37,2,11:46:15 AM,1:18:30 PM,0.064059458
37,2,12:10:45 PM,2:22:22 PM,0.091401279
37,2,1:18:56 PM,8:22:13 PM,0.29394895
37,2,2:29:17 PM,5:38:54 PM,0.131678113
37,2,2:30:49 PM,9:33:10 PM,0.293295005
37,2,4:19:01 PM,5:00:29 PM,0.028797704
37,2,4:52:05 PM,9:10:16 PM,0.179295141
37,2,5:22:18 PM,5:49:28 PM,0.018863927
37,2,5:48:58 PM,11:28:49 PM,0.236010231
37,2,6:52:58 PM,2:00:28 AM,0.296881324
37,2,7:32:01 PM,8:57:29 PM,0.059350167
37,2,9:13:02 PM,10:08:19 PM,0.038400045
37,2,9:19:30 PM,4:41:35 AM,0.307007273
37,2,10:36:27 PM,12:28:24 AM,0.077742525
37,2,11:51:30 PM,12:56:47 AM,0.045331191
38,3,1:25:07 AM,12:16:00 PM,0.45200996
38,3,6:07:07 AM,6:58:49 AM,0.035902301
38,3,6:12:17 AM,8:00:51 AM,0.075391516
38,3,6:14:57 AM,7:49:32 AM,0.06568621
38,3,6:30:12 AM,6:38:10 AM,0.005540568
38,3,6:33:50 AM,7:12:36 AM,0.026924603
38,3,6:51:32 AM,7:04:43 AM,0.009154927
38,3,7:02:56 AM,8:41:43 AM,0.06859524
38,3,7:07:49 AM,8:42:14 AM,0.06556176
38,3,7:19:41 AM,8:06:02 AM,0.032184802
38,3,7:29:51 AM,8:18:13 AM,0.033591995
38,3,7:49:12 AM,8:31:57 AM,0.029683223
38,3,7:52:45 AM,8:41:15 AM,0.033673322
38,3,7:54:41 AM,8:44:02 AM,0.034264879
38,3,8:03:10 AM,10:43:19 AM,0.111223795
38,3,8:03:49 AM,9:05:03 AM,0.042526975
38,3,8:04:58 AM,9:59:29 AM,0.079524281
38,3,8:11:10 AM,11:31:26 AM,0.139070295
38,3,8:20:10 AM,10:00:58 AM,0.070003713
38,3,8:24:07 AM,10:44:15 AM,0.097318566
38,3,8:30:32 AM,11:14:40 AM,0.113984689
38,3,8:34:59 AM,11:27:07 AM,0.119537552
38,3,8:43:11 AM,9:58:37 AM,0.0523834
38,3,8:47:40 AM,9:21:39 AM,0.023605488
38,3,8:49:11 AM,10:13:38 AM,0.058650061
38,3,8:56:58 AM,11:09:09 AM,0.091790818
38,3,9:02:24 AM,11:41:11 AM,0.110266369
38,3,10:14:23 AM,10:38:10 AM,0.016513305
38,3,10:47:24 AM,4:18:04 PM,0.229633478
38,3,10:59:46 AM,6:45:51 PM,0.323667843
38,3,11:56:01 AM,2:44:21 PM,0.116897974
38,3,1:14:45 PM,4:52:22 PM,0.151121827
38,3,3:03:44 PM,10:11:35 PM,0.297122372
38,3,3:18:35 PM,9:48:18 PM,0.270638614
38,3,3:53:28 PM,4:51:42 PM,0.040446301
38,3,4:15:32 PM,7:42:04 PM,0.143425396
38,3,6:03:43 PM,6:25:57 PM,0.015448953
38,3,6:52:11 PM,1:41:46 AM,0.284435194
38,3,7:23:38 PM,2:25:53 AM,0.293231947
38,3,8:44:18 PM,3:48:29 AM,0.294572867
38,3,9:03:38 PM,9:07:30 PM,0.002678809
38,3,9:48:28 PM,1:44:18 AM,0.163769931
38,3,10:25:33 PM,12:26:03 AM,0.083682392
38,3,11:03:29 PM,6:21:23 AM,0.304098238
39,4,12:36:29 AM,7:44:41 AM,0.297367604
39,4,5:26:22 AM,4:55:03 PM,0.478255934
39,4,10:08:20 AM,1:57:21 PM,0.159043661
39,4,10:16:28 AM,10:41:08 AM,0.017130049
39,4,10:19:57 AM,11:50:57 AM,0.063188313
39,4,10:43:59 AM,1:46:52 PM,0.126993473
39,4,10:45:35 AM,2:47:51 PM,0.168235757
39,4,11:45:46 AM,3:29:20 PM,0.155251608
39,4,12:57:11 PM,4:21:10 PM,0.141660203
39,4,2:35:49 PM,7:50:42 PM,0.218667826
39,4,3:17:29 PM,4:20:21 PM,0.043657028
39,4,4:11:02 PM,4:52:03 PM,0.028480628
39,4,6:08:11 PM,9:07:26 PM,0.124476046
39,4,8:05:13 PM,11:13:30 PM,0.130761109
39,4,9:47:48 PM,2:37:45 AM,0.201342803
39,4,10:30:53 PM,2:01:47 AM,0.14646555
39,4,10:49:51 PM,1:40:30 AM,0.118505555
40,5,12:12:20 AM,2:05:05 PM,0.578302537
40,5,4:21:26 AM,4:53:47 AM,0.022466483
40,5,8:19:08 AM,8:32:43 AM,0.009436586
40,5,8:26:39 AM,11:00:44 AM,0.106995486
40,5,8:35:18 AM,9:24:28 AM,0.034145456
40,5,8:43:27 AM,9:24:58 AM,0.028825408
40,5,8:45:31 AM,11:17:26 AM,0.105504161
40,5,8:54:26 AM,10:24:40 AM,0.062659681
40,5,8:58:05 AM,12:08:01 PM,0.131899208
40,5,9:00:24 AM,2:40:46 PM,0.236361065
40,5,9:12:53 AM,12:13:31 PM,0.125438507
40,5,10:06:16 AM,1:35:11 PM,0.14508103
40,5,10:34:38 AM,4:32:34 PM,0.248566325
40,5,11:54:22 AM,3:09:35 PM,0.135569674
40,5,12:09:57 PM,7:27:37 PM,0.303936972
40,5,1:20:04 PM,5:27:14 PM,0.171643809
40,5,3:03:38 PM,9:42:08 PM,0.276739797
40,5,4:11:25 PM,4:35:59 PM,0.01706066
40,5,5:18:42 PM,8:59:26 PM,0.153283176
40,5,5:45:16 PM,1:29:47 AM,0.322577989
40,5,7:17:51 PM,9:13:52 PM,0.080567797
40,5,7:27:54 PM,2:28:23 AM,0.292010859
40,5,8:05:31 PM,1:56:19 AM,0.243615478
40,5,8:29:40 PM,12:01:51 AM,0.147343786
40,5,9:55:51 PM,2:00:12 AM,0.169686025
40,5,10:33:28 PM,10:52:05 PM,0.012932164
40,5,10:38:12 PM,5:10:19 AM,0.272304855
40,5,11:35:26 PM,5:45:35 AM,0.257050752
41,6,12:45:29 AM,7:32:40 PM,0.782772254
41,6,2:29:25 AM,3:44:33 AM,1.052173836
41,6,8:00:33 AM,1:38:23 PM,0.234609383
41,6,8:14:18 AM,9:52:46 AM,0.068381783
41,6,8:20:59 AM,1:55:38 PM,0.232392331
41,6,8:40:01 AM,11:54:28 AM,0.135030486
41,6,8:52:02 AM,10:24:41 AM,0.064340145
41,6,8:52:49 AM,2:52:41 PM,0.249908186
41,6,9:02:49 AM,11:37:34 AM,0.107460829
41,6,12:21:35 PM,10:54:01 PM,0.439192394
41,6,1:08:04 PM,1:19:28 AM,0.507906353
41,6,2:13:01 PM,11:48:10 PM,0.399411259
41,6,5:55:02 PM,2:53:58 AM,0.374263465
41,6,6:38:04 PM,1:02:15 AM,0.266789915
41,6,8:36:04 PM,12:10:52 PM,0.649173074
41,6,11:23:37 PM,3:47:31 AM,0.183266999
42,7,3:12:04 AM,12:59:05 AM,0.907657507
42,7,8:00:27 AM,1:14:12 PM,0.217881611
42,7,8:03:52 AM,1:09:35 PM,0.212298098
42,7,8:20:04 AM,8:30:03 AM,0.006923235
42,7,8:32:52 AM,2:20:26 PM,0.241365085
42,7,8:43:57 AM,1:58:20 PM,0.218319866
42,7,8:58:13 AM,12:21:43 PM,0.141318972
42,7,9:00:04 AM,8:28:29 PM,0.478063769
42,7,10:24:37 AM,12:36:26 AM,0.591537421
42,7,12:52:44 PM,3:04:56 AM,0.591805646
42,7,3:54:23 PM,4:07:06 AM,0.508832432
42,7,4:12:55 PM,3:38:40 AM,0.476216708
42,7,8:10:23 PM,12:45:48 AM,0.191268366
42,7,10:16:59 PM,7:08:12 AM,0.368907819
42,7,11:33:50 PM,12:40:49 AM,0.046515502
43,1,12:15:17 AM,10:37:30 AM,0.432103287
43,1,5:14:22 AM,5:28:19 AM,0.00969495
43,1,7:44:56 AM,8:18:51 AM,0.023546677
43,1,7:56:43 AM,8:33:17 AM,0.025391056
43,1,8:14:31 AM,10:36:00 AM,0.098247918
43,1,8:17:31 AM,8:20:36 AM,0.002138856
43,1,8:20:59 AM,9:49:05 AM,0.061178724
43,1,8:23:36 AM,11:14:45 AM,0.118850342
43,1,8:29:00 AM,12:25:52 PM,0.164490991
43,1,8:37:20 AM,9:18:09 AM,0.028348254
43,1,8:42:52 AM,12:35:36 PM,0.161618043
43,1,8:43:04 AM,9:35:22 AM,0.03632001
43,1,8:48:09 AM,11:52:30 AM,0.128027305
43,1,8:56:55 AM,10:21:00 AM,0.058391796
43,1,9:03:50 AM,1:04:35 PM,0.167185583
43,1,10:21:28 AM,3:55:48 PM,0.232171893
43,1,12:18:26 PM,1:56:11 PM,0.067889177
43,1,12:42:12 PM,7:52:04 PM,0.298526632
43,1,2:23:51 PM,6:39:18 PM,0.177390388
43,1,2:40:38 PM,10:28:09 PM,0.324668171
43,1,2:47:03 PM,8:57:04 PM,0.256958473
43,1,2:55:14 PM,6:50:14 PM,0.163190745
43,1,3:38:35 PM,6:09:00 PM,0.104458204
43,1,4:01:58 PM,5:34:27 PM,0.064232741
43,1,4:46:31 PM,5:34:19 PM,0.033201218
43,1,5:52:46 PM,1:17:38 AM,0.308937827
43,1,6:13:09 PM,10:32:07 PM,0.179841819
43,1,7:25:22 PM,7:30:14 PM,0.003379488
43,1,8:51:41 PM,9:17:40 PM,0.018042478
43,1,10:26:35 PM,1:46:42 AM,0.138972522
43,1,11:03:16 PM,6:51:23 AM,0.32507793
44,2,12:13:42 AM,12:58:24 AM,0.031047949
44,2,1:46:32 AM,4:15:27 PM,0.603412984
44,2,3:51:26 AM,5:16:06 AM,0.058797168
44,2,9:28:59 AM,4:42:29 PM,0.301036096
44,2,11:12:36 AM,6:46:29 PM,0.315191976
44,2,12:09:18 PM,12:38:16 PM,0.020122657
44,2,1:27:43 PM,4:50:00 PM,0.140473185
44,2,1:39:51 PM,3:10:13 PM,0.062754126
44,2,2:15:34 PM,6:32:12 PM,0.178223889
44,2,2:45:08 PM,9:14:13 PM,0.270191648
44,2,4:28:11 PM,6:54:49 PM,0.101824714
44,2,5:07:03 PM,8:53:42 PM,0.157400487
44,2,5:41:50 PM,9:55:47 PM,0.176353894
44,2,6:27:30 PM,10:05:16 PM,0.151227715
44,2,7:02:28 PM,11:09:38 PM,0.171639314
44,2,8:15:02 PM,8:33:39 PM,0.012932856
44,2,9:33:52 PM,5:08:19 AM,0.315594816
44,2,10:33:25 PM,4:10:28 AM,0.234065826
44,2,11:33:39 PM,6:08:15 AM,0.274021715
45,3,12:07:51 AM,10:27:58 AM,0.43063357
45,3,4:43:05 AM,5:46:39 PM,0.544146654
45,3,6:22:12 AM,6:50:33 AM,0.019689765
45,3,6:33:22 AM,6:46:46 AM,0.009305513
45,3,6:33:43 AM,6:42:56 AM,0.006405347
45,3,6:39:03 AM,7:29:38 AM,0.035127836
45,3,6:53:17 AM,7:26:24 AM,0.023003453
45,3,7:07:47 AM,7:13:59 AM,0.004315517
45,3,7:17:48 AM,9:17:07 AM,0.082858004
45,3,7:18:25 AM,7:32:46 AM,0.0099621
45,3,7:33:34 AM,8:39:51 AM,0.046027648
45,3,7:48:58 AM,9:05:15 AM,0.05298474
45,3,8:07:25 AM,8:30:35 AM,0.0160889
45,3,8:16:39 AM,12:01:50 PM,0.156367471
45,3,8:23:41 AM,8:28:41 AM,0.003477458
45,3,8:25:03 AM,12:00:21 PM,0.149505429
45,3,8:27:40 AM,8:56:04 AM,0.019725838
45,3,8:35:13 AM,11:02:00 AM,0.101932767
45,3,8:42:13 AM,11:59:33 AM,0.137037
45,3,8:51:29 AM,9:05:47 AM,0.009933018
45,3,8:52:40 AM,10:11:33 AM,0.054776524
45,3,8:55:36 AM,11:01:59 AM,0.087758872
45,3,9:00:03 AM,1:28:32 PM,0.186447996
45,3,10:05:46 AM,5:57:12 PM,0.327382201
45,3,10:56:49 AM,6:47:23 PM,0.326774844
45,3,12:41:17 PM,1:15:50 PM,0.023990494
45,3,1:18:50 PM,1:31:12 PM,0.008589272
45,3,2:55:08 PM,8:39:30 PM,0.239137725
45,3,4:28:10 PM,11:34:13 PM,0.295870578
45,3,4:39:38 PM,4:54:30 PM,0.010326218
45,3,5:47:45 PM,6:31:19 PM,0.030255805
45,3,7:04:18 PM,1:52:16 AM,0.283314172
45,3,8:49:08 PM,11:32:06 PM,0.113168575
45,3,9:05:42 PM,1:02:59 AM,0.164787036
45,3,9:54:59 PM,4:17:00 AM,0.265290234
45,3,10:32:33 PM,3:15:48 AM,0.19670225
45,3,11:54:36 PM,5:17:12 AM,0.22402628
46,4,1:29:22 AM,7:22:10 AM,0.245004214
46,4,5:54:04 AM,9:31:06 PM,0.650717839
46,4,11:19:46 AM,1:09:15 PM,0.076023987
46,4,11:56:10 AM,2:01:55 PM,0.087323719
46,4,1:07:29 PM,2:14:20 PM,0.046417137
46,4,2:45:45 PM,2:46:25 PM,0.00046704
46,4,3:13:23 PM,4:36:32 PM,0.057738504
46,4,4:47:18 PM,9:36:54 PM,0.201118283
46,4,5:16:09 PM,11:38:31 PM,0.265537892
46,4,5:40:07 PM,9:00:20 PM,0.139046731
46,4,5:40:50 PM,1:08:41 AM,0.311005177
46,4,7:38:10 PM,11:49:21 PM,0.174433967
46,4,7:43:53 PM,12:38:51 AM,0.204838133
46,4,8:37:29 PM,2:32:51 AM,0.246781972
46,4,9:49:44 PM,4:22:02 AM,0.272434739
46,4,10:39:15 PM,1:03:17 AM,0.100018649
47,5,12:35:53 AM,8:10:09 AM,0.315461767
47,5,12:41:38 AM,4:56:24 AM,0.176917268
47,5,6:21:57 AM,7:27:36 AM,0.045592859
47,5,6:32:36 AM,7:56:41 AM,0.058391638
47,5,6:50:48 AM,7:11:32 AM,0.014395918
47,5,7:01:24 AM,8:42:25 AM,0.070152534
47,5,7:13:03 AM,7:16:35 AM,0.002452539
47,5,7:15:56 AM,8:41:16 AM,0.059255157
47,5,7:22:29 AM,9:03:49 AM,0.070369203
47,5,7:25:13 AM,8:57:33 AM,0.064121256
47,5,7:44:25 AM,8:14:38 AM,0.020987012
47,5,7:55:25 AM,9:46:08 AM,0.07689061
47,5,7:56:07 AM,9:27:25 AM,0.063402953
47,5,7:56:57 AM,9:10:51 AM,0.051320035
47,5,8:11:39 AM,11:09:35 AM,0.123558669
47,5,8:13:38 AM,10:47:04 AM,0.10654763
47,5,8:22:48 AM,10:31:54 AM,0.089644911
47,5,8:25:08 AM,9:30:19 AM,0.045265227
47,5,8:28:10 AM,10:52:42 AM,0.100366199
47,5,8:31:01 AM,10:41:12 AM,0.090402114
47,5,8:33:01 AM,8:59:26 AM,0.018345339
47,5,8:38:00 AM,10:10:11 AM,0.064020058
47,5,8:42:44 AM,11:23:43 AM,0.111790144
47,5,8:49:09 AM,9:15:41 AM,0.018429857
47,5,8:51:17 AM,9:31:04 AM,0.027628349
47,5,8:55:44 AM,9:22:32 AM,0.018610601
47,5,9:00:47 AM,3:53:15 PM,0.28643147
47,5,10:23:15 AM,2:34:20 PM,0.174362003
47,5,11:28:46 AM,2:55:46 PM,0.143742807
47,5,12:49:15 PM,7:42:24 PM,0.286906336
47,5,1:44:09 PM,8:53:53 PM,0.298417749
47,5,3:29:13 PM,11:23:46 PM,0.329553419
47,5,5:23:12 PM,9:27:09 PM,0.169413612
47,5,5:34:04 PM,9:45:26 PM,0.174562927
47,5,6:47:32 PM,2:15:09 AM,0.310847271
47,5,7:37:23 PM,10:51:21 PM,0.134703195
47,5,7:49:40 PM,11:57:50 PM,0.172338758
47,5,8:23:14 PM,10:05:36 PM,0.071089446
47,5,9:16:12 PM,1:35:53 AM,0.180340854
47,5,11:07:45 PM,3:37:10 AM,0.187094657
47,5,11:57:17 PM,12:51:07 AM,0.037385559
48,6,12:23:27 AM,7:12:35 AM,1.284125572
48,6,3:51:33 AM,9:38:50 PM,0.74117269
48,6,7:05:30 AM,7:06:32 AM,0.000722953
48,6,7:10:03 AM,7:25:02 AM,0.010405911
48,6,7:18:06 AM,9:31:09 AM,0.092399941
48,6,7:57:38 AM,10:49:37 AM,0.119424882
48,6,8:15:38 AM,2:14:08 PM,0.248959377
48,6,8:25:32 AM,4:17:08 PM,0.327495253
48,6,8:36:53 AM,9:08:51 AM,0.022203
48,6,8:46:25 AM,10:27:32 AM,0.070221509
48,6,8:57:40 AM,2:19:18 PM,0.223359112
48,6,9:00:03 AM,4:45:59 PM,0.323558154
48,6,9:30:52 AM,6:04:58 PM,0.357016469
48,6,12:42:20 PM,2:01:27 PM,0.054939013
48,6,1:42:14 PM,2:42:56 AM,0.542151506
48,6,5:30:37 PM,4:18:43 AM,0.450061484
48,6,6:35:55 PM,4:40:51 AM,0.420083842
48,6,8:29:56 PM,9:35:19 PM,0.045398669
48,6,8:58:24 PM,7:44:12 AM,0.448482771
48,6,9:58:06 PM,10:56:54 AM,0.540824737
48,6,10:40:52 PM,5:06:48 AM,0.268012875
48,6,11:05:15 PM,1:51:56 AM,0.115756755
49,7,1:19:51 AM,6:52:39 PM,0.731108849
49,7,8:50:40 AM,1:43:47 PM,0.203555108
49,7,9:00:45 AM,5:29:58 PM,0.353618937
49,7,9:52:47 AM,2:52:48 PM,0.208340017
49,7,10:18:46 AM,11:49:13 PM,0.562804098
49,7,1:15:40 PM,11:48:59 PM,0.439807576
49,7,5:15:04 PM,4:41:49 AM,0.476913998
49,7,5:57:41 PM,9:38:44 AM,0.653507586
49,7,7:37:46 PM,10:50:08 PM,0.133588975
49,7,10:25:38 PM,11:32:45 PM,0.046617221
49,7,11:53:35 PM,9:38:48 AM,0.406410342
49,7,11:55:46 PM,3:41:52 PM,0.657014269
50,1,12:48:03 AM,4:37:05 PM,0.6590574
50,1,5:09:43 AM,5:19:42 AM,0.006922721
50,1,8:50:37 AM,11:48:44 AM,0.123685052
50,1,8:54:58 AM,9:47:53 AM,0.036753642
50,1,8:58:14 AM,12:12:59 PM,0.135234458
50,1,9:01:09 AM,9:59:27 AM,0.040483758
50,1,9:43:37 AM,11:31:14 AM,0.074729637
50,1,10:28:42 AM,5:20:42 PM,0.28611755
50,1,11:36:18 AM,6:45:27 PM,0.298027084
50,1,12:19:08 PM,4:38:45 PM,0.180282696
50,1,1:07:16 PM,8:14:37 PM,0.296770659
50,1,1:20:10 PM,7:07:28 PM,0.241176258
50,1,3:02:59 PM,5:29:57 PM,0.102063684
50,1,5:00:05 PM,12:19:16 AM,0.304988009
50,1,5:13:17 PM,12:32:25 AM,0.304949199
50,1,5:32:59 PM,6:48:09 PM,0.052205837
50,1,5:50:57 PM,1:39:42 AM,0.325518693
50,1,7:32:00 PM,8:01:37 PM,0.020566355
50,1,9:18:27 PM,1:37:39 AM,0.180007378
50,1,10:58:03 PM,11:27:09 PM,0.020208973
50,1,11:43:11 PM,7:12:40 AM,0.312143679
51,2,12:22:02 AM,2:05:45 PM,0.572026689
51,2,1:13:09 AM,1:16:02 PM,0.50201096
51,2,5:12:06 AM,6:13:45 PM,0.542814429
51,2,6:30:36 AM,7:02:30 AM,0.022151033
51,2,6:34:51 AM,6:41:31 AM,0.004625466
51,2,6:40:04 AM,8:33:55 AM,0.079063374
51,2,6:46:36 AM,8:34:07 AM,0.074669506
51,2,6:48:43 AM,7:41:53 AM,0.036921065
51,2,6:51:14 AM,8:48:13 AM,0.081233598
51,2,6:58:19 AM,7:43:11 AM,0.03116423
51,2,7:18:01 AM,8:47:02 AM,0.061818351
51,2,7:19:25 AM,9:07:48 AM,0.075267266
51,2,7:33:52 AM,9:12:25 AM,0.068435289
51,2,7:38:19 AM,8:18:34 AM,0.027950538
51,2,7:43:26 AM,8:22:12 AM,0.026922414
51,2,7:52:23 AM,9:29:28 AM,0.067419951
51,2,7:54:47 AM,9:47:20 AM,0.078156955
51,2,8:10:58 AM,10:12:37 AM,0.084481796
51,2,8:16:28 AM,8:38:03 AM,0.014994314
51,2,8:18:53 AM,9:41:44 AM,0.057535151
51,2,8:25:30 AM,8:36:41 AM,0.007769187
51,2,8:33:17 AM,8:50:03 AM,0.011646079
51,2,8:38:24 AM,9:59:02 AM,0.055989887
51,2,8:46:04 AM,9:44:39 AM,0.040682621
51,2,8:48:41 AM,9:50:25 AM,0.042873823
51,2,8:54:36 AM,11:39:05 AM,0.114224383
51,2,9:01:22 AM,10:10:45 AM,0.048188018
51,2,9:10:10 AM,9:16:14 AM,0.00421167
51,2,9:42:32 AM,10:36:54 AM,0.037759432
51,2,9:51:50 AM,10:49:59 AM,0.040372813
51,2,10:43:57 AM,2:25:39 PM,0.153957842
51,2,12:33:57 PM,5:24:28 PM,0.201747223
51,2,12:44:11 PM,4:44:02 PM,0.166569784
51,2,1:32:10 PM,9:31:41 PM,0.332999809
51,2,3:24:12 PM,11:19:20 PM,0.329955073
51,2,3:44:33 PM,7:19:19 PM,0.149144872
51,2,4:42:29 PM,5:43:40 PM,0.042486508
51,2,4:58:22 PM,8:44:33 PM,0.157074862
51,2,6:12:15 PM,12:57:35 AM,0.28148925
51,2,6:33:05 PM,10:52:41 PM,0.180285026
51,2,8:12:01 PM,8:15:30 PM,0.002416137
51,2,8:20:46 PM,12:37:06 AM,0.178017673
51,2,9:07:14 PM,9:25:25 PM,0.012627688
51,2,9:55:08 PM,10:19:19 PM,0.01678812
51,2,10:50:29 PM,6:11:35 AM,0.306320066
51,2,11:53:04 PM,7:23:21 AM,0.312695835
52,3,1:14:02 AM,12:55:26 PM,0.48708327
52,3,5:41:07 AM,7:49:23 PM,0.589080913
52,3,11:09:47 AM,3:19:39 PM,0.173519265
52,3,12:22:24 PM,4:14:19 PM,0.161059447
52,3,12:25:09 PM,3:35:11 PM,0.131962607
52,3,12:48:58 PM,5:05:33 PM,0.178180708
52,3,2:02:36 PM,9:52:14 PM,0.326130693
52,3,3:12:12 PM,5:57:39 PM,0.114891469
52,3,4:08:31 PM,5:30:41 PM,0.057059724
52,3,5:54:57 PM,9:06:22 PM,0.132932134
52,3,7:20:23 PM,11:51:54 PM,0.188547103
52,3,8:04:45 PM,12:25:33 AM,0.181102161
52,3,9:07:40 PM,3:35:14 AM,0.269151804
52,3,10:28:52 PM,5:47:09 AM,0.304370385
52,3,11:35:01 PM,3:33:58 AM,0.165946363
53,4,12:39:53 AM,4:21:52 PM,0.654152058
53,4,3:14:33 AM,4:07:26 PM,0.536724585
53,4,5:03:18 AM,1:30:21 PM,0.352123012
53,4,9:08:28 AM,3:48:27 PM,0.27776212
53,4,11:00:16 AM,1:17:42 PM,0.095449271
53,4,12:40:48 PM,8:24:24 PM,0.321942158
53,4,1:22:01 PM,6:57:24 PM,0.232905319
53,4,2:16:21 PM,3:48:43 PM,0.064142752
53,4,3:33:59 PM,10:58:35 PM,0.308741544
53,4,3:57:54 PM,8:22:57 PM,0.184060902
53,4,5:05:04 PM,6:56:55 PM,0.077682223
53,4,6:27:18 PM,9:52:27 PM,0.142470767
53,4,7:44:44 PM,10:42:08 PM,0.123188235
53,4,8:59:14 PM,10:31:41 PM,0.06419711
53,4,9:41:31 PM,4:02:46 AM,0.264758106
53,4,9:43:22 PM,12:59:11 AM,0.135981668
53,4,10:07:03 PM,11:59:01 PM,0.077752079
54,5,12:05:11 AM,12:14:11 PM,0.50624948
54,5,4:08:30 AM,11:02:40 AM,0.287616709
54,5,9:18:27 AM,3:39:36 PM,0.264683555
54,5,10:36:08 AM,10:47:38 AM,0.007989506
54,5,11:31:21 AM,12:30:03 PM,0.040758732
54,5,1:10:06 PM,2:18:23 PM,0.047416819
54,5,2:51:19 PM,6:45:28 PM,0.162605086
54,5,3:26:29 PM,5:36:31 PM,0.090304608
54,5,4:31:46 PM,8:22:02 PM,0.159902713
54,5,4:49:13 PM,9:56:46 PM,0.213569397
54,5,6:30:29 PM,8:17:39 PM,0.07442265
54,5,8:27:32 PM,2:32:13 AM,0.253251719
54,5,9:46:39 PM,4:57:51 AM,0.299448066
54,5,10:29:27 PM,12:55:16 AM,0.10126911
54,5,11:35:54 PM,6:31:19 AM,0.288484613
55,6,12:33:39 AM,9:42:42 AM,0.381287162
55,6,6:29:25 AM,7:08:05 AM,0.026860241
55,6,6:35:19 AM,9:54:20 AM,0.138210135
55,6,6:37:46 AM,9:15:09 AM,0.109290181
55,6,6:45:08 AM,7:43:01 AM,0.040197207
55,6,7:07:24 AM,9:54:49 AM,0.116255878
55,6,7:41:24 AM,10:18:07 AM,0.108828963
55,6,8:15:28 AM,8:51:49 AM,0.025246178
55,6,8:19:28 AM,12:07:00 PM,0.158005035
55,6,8:24:27 AM,10:37:28 AM,0.092363824
55,6,8:40:35 AM,10:29:37 AM,0.075715393
55,6,8:58:20 AM,3:23:21 PM,0.267370522
55,6,9:13:49 AM,3:31:19 PM,0.262150919
55,6,9:36:59 AM,8:35:35 PM,0.457365756
55,6,12:30:19 PM,7:47:38 PM,0.303687652
55,6,1:24:54 PM,1:26:43 AM,0.501259855
55,6,3:11:24 PM,4:36:46 PM,0.059280742
55,6,4:28:05 PM,10:12:36 PM,0.239247842
55,6,6:43:10 PM,9:49:00 AM,0.629057525
55,6,7:56:52 PM,4:52:07 AM,0.371706083
55,6,11:51:42 PM,12:43:10 PM,0.535741536
56,7,2:26:12 AM,2:27:35 AM,1.000956146
56,7,3:46:10 AM,8:28:30 AM,0.196064908
56,7,12:00:32 PM,8:42:49 PM,0.362692247
56,7,3:29:25 PM,5:05:50 AM,0.566961706
56,7,7:18:27 PM,1:00:28 AM,0.237505832
56,7,10:56:15 PM,12:54:47 AM,0.082314776
57,1,1:35:41 AM,5:25:54 AM,0.159862193
57,1,2:40:04 AM,11:34:10 AM,0.370900752
57,1,5:16:13 AM,10:23:24 AM,0.21331915
57,1,11:03:13 AM,3:49:07 PM,0.198543922
57,1,11:06:16 AM,11:53:47 AM,0.032997957
57,1,11:11:59 AM,6:29:00 PM,0.303491056
57,1,1:05:42 PM,7:18:38 PM,0.258981116
57,1,2:41:35 PM,7:26:09 PM,0.197616037
57,1,2:48:23 PM,3:45:35 PM,0.039716065
57,1,2:56:05 PM,7:22:38 PM,0.185102514
57,1,3:57:06 PM,7:11:27 PM,0.134965342
57,1,5:42:49 PM,7:20:23 PM,0.067746298
57,1,6:56:06 PM,8:40:44 PM,0.072669916
57,1,8:26:20 PM,3:11:13 AM,0.281167417
57,1,9:56:54 PM,4:46:02 AM,0.28411011
57,1,10:09:17 PM,1:52:26 AM,0.15496841
57,1,11:03:30 PM,2:55:05 AM,0.160815355
57,1,11:37:44 PM,3:48:29 AM,0.174136972
58,2,1:32:37 AM,5:31:44 PM,0.666059187
58,2,4:24:50 AM,7:11:37 AM,0.115813794
58,2,5:04:02 AM,7:27:09 AM,0.099381802
58,2,7:28:17 AM,8:14:12 AM,0.031888211
58,2,7:46:54 AM,8:26:08 AM,0.027250339
58,2,7:55:50 AM,8:36:43 AM,0.02839391
58,2,8:10:31 AM,10:48:23 AM,0.109625406
58,2,8:18:57 AM,12:03:29 PM,0.155927249
58,2,8:20:41 AM,12:07:16 PM,0.157339186
58,2,8:20:42 AM,9:12:26 AM,0.03592892
58,2,8:28:11 AM,11:19:53 AM,0.119237955
58,2,8:30:38 AM,11:52:48 AM,0.140390686
58,2,8:39:02 AM,10:27:09 AM,0.07508603
58,2,8:42:22 AM,9:08:36 AM,0.018219191
58,2,8:51:34 AM,11:23:19 AM,0.105384851
58,2,8:53:25 AM,12:51:50 PM,0.16556847
58,2,8:56:31 AM,12:24:28 PM,0.144420002
58,2,9:05:13 AM,4:51:57 PM,0.32412029
58,2,10:01:44 AM,4:10:54 PM,0.256363302
58,2,11:52:27 AM,12:57:03 PM,0.04486215
58,2,12:29:25 PM,4:32:15 PM,0.168630019
58,2,2:02:09 PM,9:32:37 PM,0.312832701
58,2,4:00:40 PM,8:59:21 PM,0.207408866
58,2,5:45:59 PM,9:22:08 PM,0.150104542
58,2,6:09:04 PM,12:06:51 AM,0.248463999
58,2,6:35:38 PM,12:35:25 AM,0.249839496
58,2,7:27:16 PM,12:12:56 AM,0.198384008
58,2,8:33:05 PM,10:20:11 PM,0.074366681
58,2,8:51:28 PM,2:50:33 AM,0.249359176
58,2,9:35:38 PM,1:12:34 AM,0.150649681
58,2,11:30:11 PM,5:28:55 AM,0.249122027
59,3,12:00:27 AM,4:03:35 AM,0.168838868
59,3,1:14:53 AM,2:52:29 AM,0.06777587
59,3,2:14:49 AM,2:43:02 AM,0.019592995
59,3,3:49:22 AM,11:26:00 AM,0.317111862
59,3,5:26:18 AM,7:30:56 PM,0.586555122
59,3,8:16:13 AM,12:01:15 PM,0.156273791
59,3,8:21:15 AM,9:16:15 AM,0.038191543
59,3,8:23:04 AM,10:54:13 AM,0.104957792
59,3,8:24:48 AM,10:22:54 AM,0.082021445
59,3,8:29:16 AM,8:48:06 AM,0.013080132
59,3,8:29:20 AM,11:33:56 AM,0.128186993
59,3,8:30:29 AM,9:18:46 AM,0.033529578
59,3,8:36:12 AM,11:58:03 AM,0.140175167
59,3,8:39:21 AM,10:37:30 AM,0.082048639
59,3,8:46:36 AM,10:43:49 AM,0.081404343
59,3,8:54:33 AM,12:00:34 PM,0.129175564
59,3,9:04:19 AM,4:50:54 PM,0.324012601
59,3,10:16:23 AM,11:41:54 AM,0.059388194
59,3,12:16:18 PM,7:41:09 PM,0.308925624
59,3,1:46:53 PM,2:45:24 PM,0.040633319
59,3,3:03:12 PM,4:19:52 PM,0.053247926
59,3,4:54:54 PM,6:07:53 PM,0.050678531
59,3,6:09:24 PM,8:47:47 PM,0.109990856
59,3,6:21:53 PM,1:21:18 AM,0.291252333
59,3,7:38:36 PM,8:55:37 PM,0.053488981
59,3,9:13:07 PM,1:45:02 AM,0.188833001
59,3,10:30:07 PM,12:05:59 AM,0.066563126
59,3,11:07:19 PM,12:52:43 AM,0.073189218
59,3,11:42:16 PM,3:07:20 AM,0.142404105
60,4,12:26:44 AM,11:01:28 AM,0.440784756
60,4,2:50:34 AM,4:18:17 AM,0.060907157
60,4,7:48:49 AM,8:49:36 AM,0.042208194
60,4,8:04:24 AM,11:48:58 AM,0.155948608
60,4,8:09:31 AM,10:45:03 AM,0.108010224
60,4,8:15:37 AM,8:31:29 AM,0.011018099
60,4,8:17:09 AM,11:57:50 AM,0.153251206
60,4,8:19:18 AM,8:21:48 AM,0.001742453
60,4,8:26:32 AM,10:06:26 AM,0.069381586
60,4,8:27:42 AM,10:58:11 AM,0.104504541
60,4,8:28:12 AM,12:09:38 PM,0.153778991
60,4,8:33:20 AM,10:13:59 AM,0.069900588
60,4,8:39:17 AM,11:28:31 AM,0.117520672
60,4,8:45:50 AM,11:46:04 AM,0.125164012
60,4,8:47:17 AM,10:16:53 AM,0.062218269
60,4,8:55:11 AM,11:15:18 AM,0.09730208
60,4,9:04:53 AM,1:08:08 PM,0.168923612
60,4,9:58:40 AM,10:25:08 AM,0.018373969
60,4,10:41:06 AM,6:00:47 PM,0.305328823
60,4,12:01:30 PM,7:12:03 PM,0.298990217
60,4,12:28:06 PM,6:10:57 PM,0.238088998
60,4,12:28:53 PM,7:29:26 PM,0.292048794
60,4,2:00:31 PM,4:38:59 PM,0.11004536
60,4,2:11:52 PM,5:34:45 PM,0.140898224
60,4,3:09:54 PM,8:17:23 PM,0.213528181
60,4,4:43:57 PM,9:10:14 PM,0.184913071
60,4,5:45:14 PM,9:22:16 PM,0.150720468
60,4,6:35:16 PM,9:58:12 PM,0.140920575
60,4,7:56:27 PM,11:54:16 PM,0.165150948
60,4,8:13:25 PM,1:45:55 AM,0.230903081
60,4,8:18:12 PM,11:20:35 PM,0.126660649
60,4,9:14:55 PM,10:41:58 PM,0.060455834
60,4,9:31:38 PM,11:31:11 PM,0.083022456
60,4,10:35:43 PM,11:55:33 PM,0.055445607
60,4,11:08:29 PM,2:00:01 AM,0.119123044
61,5,12:35:40 AM,3:47:05 AM,0.132929348
61,5,4:15:05 AM,8:32:53 AM,0.179029429
61,5,5:55:17 AM,1:58:45 PM,0.335731657
61,5,8:56:48 AM,9:27:36 AM,0.021382522
61,5,9:01:53 AM,1:12:00 PM,0.173694513
61,5,10:13:36 AM,5:12:11 PM,0.290677773
61,5,10:48:14 AM,4:13:19 PM,0.225758125
61,5,12:27:44 PM,1:57:18 PM,0.06219785
61,5,12:44:34 PM,7:46:05 PM,0.292716334
61,5,2:23:55 PM,6:02:52 PM,0.152052753
61,5,4:11:27 PM,8:50:34 PM,0.193824039
61,5,4:30:21 PM,10:58:39 PM,0.269649008
61,5,5:50:34 PM,8:15:14 PM,0.100464503
61,5,6:11:12 PM,10:32:05 PM,0.181174711
61,5,7:39:33 PM,3:36:56 AM,0.331514483
61,5,9:38:05 PM,11:34:47 PM,0.081034126
61,5,10:04:35 PM,1:40:59 AM,0.150274776
61,5,11:45:29 PM,3:41:53 AM,0.164172631
61,5,11:54:06 PM,2:07:06 AM,0.092361617
61,5,11:59:46 PM,7:02:46 AM,0.293757976
62,6,1:56:53 AM,3:00:46 AM,1.044364
62,6,4:33:21 AM,2:05:59 PM,0.397657736
62,6,3:30:12 PM,4:50:32 AM,0.55579371
62,6,6:39:34 PM,7:23:56 PM,0.030810102
62,6,10:08:29 PM,12:09:20 PM,0.58391725
63,7,1:37:57 AM,7:19:32 AM,1.237216499
63,7,10:53:53 AM,9:49:31 PM,0.455311084
63,7,2:37:01 PM,1:42:39 AM,0.462241842
63,7,2:43:04 PM,4:35:20 AM,0.577969777
63,7,5:18:39 PM,1:19:55 AM,0.334219545
63,7,5:36:01 PM,9:46:38 PM,0.174039135
63,7,7:24:19 PM,7:51:37 PM,0.018955942
63,7,11:11:43 PM,6:22:43 AM,0.299307053
63,7,11:12:06 PM,8:54:06 AM,0.404164354
64,1,1:02:34 AM,4:43:25 AM,0.153365936
64,1,2:10:06 AM,2:17:34 AM,0.00517665
64,1,4:13:11 AM,5:34:04 AM,0.056170467
64,1,4:24:03 AM,5:56:03 PM,0.563884791
64,1,5:42:47 AM,7:35:03 AM,0.077959296
64,1,5:52:20 AM,12:39:55 PM,0.283044794
64,1,11:39:40 AM,5:08:04 PM,0.228051557
64,1,12:38:54 PM,2:55:03 PM,0.094554454
64,1,1:14:24 PM,7:19:38 PM,0.253635513
64,1,3:09:03 PM,10:50:19 PM,0.320325775
64,1,4:48:20 PM,6:38:42 PM,0.076634855
64,1,5:13:02 PM,11:18:24 PM,0.253716857
64,1,5:44:48 PM,12:59:30 AM,0.301870836
64,1,7:08:12 PM,11:38:17 PM,0.187562867
64,1,7:49:44 PM,7:54:31 PM,0.003321586
64,1,7:58:40 PM,10:01:29 PM,0.085282249
64,1,9:58:07 PM,5:53:58 AM,0.330448543
64,1,10:24:40 PM,1:52:47 AM,0.144522163
64,1,11:50:05 PM,1:41:57 AM,0.077686561
64,1,11:59:51 PM,4:50:17 AM,0.201680745
65,2,1:48:41 AM,1:41:11 PM,0.494787079
65,2,4:50:10 AM,8:39:49 PM,0.659471727
65,2,8:43:24 AM,9:35:46 AM,0.036363391
65,2,8:48:47 AM,9:30:34 AM,0.029017988
65,2,8:50:37 AM,10:31:49 AM,0.070273325
65,2,8:52:41 AM,9:19:05 AM,0.018336678
65,2,9:02:02 AM,1:43:21 PM,0.195366471
65,2,10:15:10 AM,4:19:25 PM,0.252952668
65,2,10:55:10 AM,12:20:23 PM,0.05917831
65,2,12:13:03 PM,12:25:57 PM,0.008962982
65,2,1:51:22 PM,9:31:27 PM,0.319502194
65,2,3:00:10 PM,3:44:08 PM,0.03054157
65,2,4:02:30 PM,7:11:47 PM,0.131444179
65,2,6:02:00 PM,11:37:38 PM,0.233078953
65,2,6:22:11 PM,1:35:52 AM,0.301166103
65,2,6:46:39 PM,8:47:42 PM,0.084062368
65,2,8:39:42 PM,2:34:05 AM,0.246088452
65,2,8:44:05 PM,9:23:52 PM,0.027630641
65,2,10:06:36 PM,4:32:19 AM,0.267857843
65,2,10:40:25 PM,5:25:28 AM,0.281285453
65,2,11:36:29 PM,2:51:20 AM,0.13531426
66,3,1:27:49 AM,7:41:14 AM,0.259315854
66,3,6:40:04 AM,8:03:00 AM,0.057600408
66,3,6:41:06 AM,8:38:53 AM,0.08179317
66,3,6:59:39 AM,8:18:27 AM,0.054716172
66,3,7:02:24 AM,8:17:05 AM,0.051860838
66,3,7:13:39 AM,8:28:13 AM,0.05178034
66,3,7:17:36 AM,8:42:24 AM,0.058892815
66,3,7:29:13 AM,7:52:35 AM,0.016233573
66,3,7:34:38 AM,8:04:34 AM,0.020781132
66,3,7:49:22 AM,8:39:45 AM,0.034992738
66,3,8:08:00 AM,9:07:32 AM,0.041335538
66,3,8:16:22 AM,11:49:09 AM,0.147772898
66,3,8:19:53 AM,9:29:43 AM,0.048498971
66,3,8:22:17 AM,11:52:26 AM,0.145933247
66,3,8:22:46 AM,8:52:56 AM,0.020948972
66,3,8:25:12 AM,9:11:15 AM,0.031986413
66,3,8:32:59 AM,9:14:19 AM,0.028709505
66,3,8:35:23 AM,11:26:05 AM,0.118550676
66,3,8:40:18 AM,10:30:15 AM,0.076357687
66,3,8:48:20 AM,10:59:31 AM,0.091093614
66,3,8:52:20 AM,11:28:59 AM,0.108780239
66,3,8:57:33 AM,10:44:43 AM,0.074420479
66,3,9:04:43 AM,12:23:07 PM,0.137770553
66,3,9:34:00 AM,10:41:40 AM,0.046996109
66,3,10:38:57 AM,12:08:04 PM,0.06189743
66,3,12:24:28 PM,7:43:51 PM,0.305130167
66,3,2:12:38 PM,6:35:50 PM,0.182775954
66,3,3:51:58 PM,8:07:41 PM,0.177582811
66,3,5:21:05 PM,11:15:18 PM,0.245983852
66,3,6:21:40 PM,8:24:41 PM,0.085429152
66,3,6:25:29 PM,6:46:59 PM,0.014935355
66,3,8:03:47 PM,8:53:54 PM,0.03480024
66,3,8:46:38 PM,4:28:52 AM,0.32099129
66,3,10:27:40 PM,3:35:20 AM,0.213661551
66,3,11:13:02 PM,1:12:15 AM,0.082792791
67,4,12:07:52 AM,3:27:00 PM,0.638288923
67,4,2:45:45 AM,8:33:08 AM,0.241239492
67,4,8:14:45 AM,10:19:26 AM,0.08657634
67,4,8:14:55 AM,11:56:55 AM,0.154161821
67,4,8:22:08 AM,11:55:54 AM,0.148446249
67,4,8:30:12 AM,9:02:37 AM,0.022515117
67,4,8:39:04 AM,9:32:09 AM,0.036863992
67,4,8:39:52 AM,9:10:47 AM,0.021474242
67,4,8:48:42 AM,9:07:03 AM,0.012741376
67,4,8:57:55 AM,11:36:42 AM,0.110262248
67,4,9:03:45 AM,12:31:41 PM,0.144402784
67,4,10:09:52 AM,11:10:42 AM,0.04225378
67,4,12:01:51 PM,4:21:08 PM,0.180063703
67,4,2:01:32 PM,3:20:31 PM,0.054849806
67,4,3:45:07 PM,8:47:59 PM,0.210314491
67,4,5:25:49 PM,8:16:27 PM,0.118494385
67,4,6:10:08 PM,10:15:06 PM,0.170113266
67,4,7:11:18 PM,7:53:46 PM,0.029488617
67,4,8:47:55 PM,2:23:33 AM,0.233077217
67,4,10:37:36 PM,1:23:21 AM,0.115100386
68,5,12:28:38 AM,6:46:34 AM,0.262457649
68,5,4:38:57 AM,8:18:30 AM,0.15246878
68,5,5:11:26 AM,5:16:43 PM,0.503672723
68,5,7:36:44 AM,8:34:58 AM,0.040433672
68,5,7:43:56 AM,7:51:42 AM,0.005391903
68,5,7:57:26 AM,8:42:20 AM,0.03118018
68,5,8:14:12 AM,8:59:04 AM,0.031158128
68,5,8:22:42 AM,10:34:01 AM,0.091195639
68,5,8:32:22 AM,10:27:39 AM,0.080054341
68,5,8:40:36 AM,10:47:24 AM,0.088059166
68,5,8:46:53 AM,9:10:40 AM,0.016517978
68,5,8:55:03 AM,12:04:38 PM,0.131652855
68,5,8:58:06 AM,10:49:27 AM,0.077331995
68,5,9:00:59 AM,10:58:47 AM,0.081804391
68,5,10:10:33 AM,5:14:43 PM,0.294567282
68,5,10:44:23 AM,11:47:09 AM,0.043592452
68,5,12:28:05 PM,1:15:48 PM,0.033140403
68,5,2:26:56 PM,9:31:48 PM,0.295043255
68,5,3:26:55 PM,4:00:28 PM,0.023288336
68,5,3:52:50 PM,6:47:56 PM,0.121602499
68,5,4:04:32 PM,10:42:56 PM,0.2766602
68,5,4:07:26 PM,11:44:27 PM,0.31737332
68,5,5:43:48 PM,7:45:39 PM,0.084613608
68,5,7:00:05 PM,11:31:00 PM,0.188140451
68,5,7:55:03 PM,11:11:37 PM,0.136501005
68,5,8:36:13 PM,11:48:49 PM,0.133751295
68,5,8:58:25 PM,3:46:24 AM,0.283322756
68,5,10:35:38 PM,12:36:41 AM,0.084060129
69,6,12:22:17 AM,6:56:25 AM,1.273711342
69,6,8:02:01 AM,12:05:10 PM,0.168849657
69,6,8:17:36 AM,10:04:28 AM,0.07421534
69,6,8:31:25 AM,11:53:00 AM,0.139991337
69,6,8:42:34 AM,9:23:35 AM,0.028474518
69,6,8:50:41 AM,4:07:21 PM,0.303237215
69,6,8:57:47 AM,12:41:08 PM,0.155103998
69,6,9:08:17 AM,2:48:33 PM,0.236294516
69,6,12:02:17 PM,12:07:44 PM,0.003780846
69,6,3:14:16 PM,2:31:40 AM,0.470424663
69,6,3:21:19 PM,8:42:46 PM,0.223236296
69,6,6:08:57 PM,6:00:37 AM,0.494214577
69,6,8:51:25 PM,11:09:44 PM,0.096053003
69,6,10:10:47 PM,9:36:42 AM,0.476325109
69,6,11:59:53 PM,2:30:14 PM,0.604410201
70,7,12:47:38 AM,8:32:29 AM,0.322811064
70,7,1:36:50 AM,2:20:16 PM,0.530161469
70,7,11:19:46 AM,11:51:10 AM,0.021805499
70,7,12:59:29 PM,1:08:50 AM,0.506497109
70,7,2:48:34 PM,10:49:52 PM,0.33423596
70,7,2:53:51 PM,10:12:53 PM,0.304888265
70,7,3:53:46 PM,6:42:41 AM,0.617301421
70,7,5:55:25 PM,7:16:29 PM,0.056292351
70,7,7:24:57 PM,8:14:56 AM,0.534714749
70,7,7:37:18 PM,1:32:03 AM,0.246353945
70,7,11:30:36 PM,3:37:28 AM,0.171443585
71,1,12:55:30 AM,6:45:17 AM,0.242903878
71,1,2:40:55 AM,6:36:54 PM,0.663883564
71,1,8:02:45 AM,8:15:39 AM,0.0089662
71,1,8:04:46 AM,9:55:50 AM,0.077130765
71,1,8:14:40 AM,11:09:33 AM,0.121451121
71,1,8:15:51 AM,8:34:22 AM,0.012860121
71,1,8:17:10 AM,10:48:59 AM,0.105420038
71,1,8:17:24 AM,11:54:39 AM,0.150878707
71,1,8:22:39 AM,11:31:01 AM,0.130805317
71,1,8:25:12 AM,11:18:45 AM,0.120527264
71,1,8:29:37 AM,10:46:31 AM,0.095069832
71,1,8:30:22 AM,9:53:34 AM,0.057769364
71,1,8:31:31 AM,9:18:51 AM,0.0328735
71,1,8:39:40 AM,8:46:27 AM,0.004711068
71,1,8:41:16 AM,10:28:04 AM,0.074160179
71,1,8:43:05 AM,10:02:48 AM,0.055359678
71,1,8:53:03 AM,11:08:43 AM,0.09421419
71,1,8:54:31 AM,9:50:31 AM,0.038895072
71,1,8:55:25 AM,12:46:06 PM,0.160198518
71,1,8:57:15 AM,10:52:19 AM,0.07990616
71,1,9:04:18 AM,1:52:58 PM,0.200470203
71,1,10:12:12 AM,12:54:24 PM,0.112634625
71,1,11:10:20 AM,1:26:06 PM,0.094292398
71,1,11:45:04 AM,4:13:25 PM,0.186354783
71,1,12:57:59 PM,1:26:07 PM,0.019538616
71,1,1:56:10 PM,5:50:34 PM,0.16278468
71,1,2:57:49 PM,4:46:44 PM,0.075632542
71,1,3:59:10 PM,6:11:01 PM,0.091569369
71,1,4:09:00 PM,4:32:24 PM,0.016256751
71,1,4:11:58 PM,4:59:32 PM,0.03303068
71,1,5:18:00 PM,7:31:23 PM,0.092631259
71,1,6:21:46 PM,12:52:31 AM,0.271358867
71,1,6:30:56 PM,7:03:05 PM,0.022318969
71,1,6:52:27 PM,8:32:15 PM,0.069296875
71,1,8:47:47 PM,11:37:10 PM,0.117626173
71,1,10:45:12 PM,11:58:03 PM,0.050592251
71,1,11:56:37 PM,7:03:28 AM,0.296415146
72,2,12:56:02 AM,1:01:27 PM,0.503760893
72,2,6:25:50 AM,8:20:18 AM,0.079497032
72,2,6:38:03 AM,8:21:08 AM,0.071589534
72,2,6:40:03 AM,7:56:47 AM,0.053294703
72,2,6:56:18 AM,7:52:32 AM,0.039040208
72,2,6:57:53 AM,8:42:28 AM,0.072626977
72,2,7:01:26 AM,7:16:09 AM,0.010222864
72,2,7:13:52 AM,7:39:49 AM,0.018028425
72,2,7:33:04 AM,7:39:22 AM,0.004376211
72,2,7:38:10 AM,7:42:33 AM,0.003043654
72,2,7:41:56 AM,8:30:02 AM,0.033402514
72,2,7:55:22 AM,7:58:48 AM,0.002391729
72,2,8:07:50 AM,8:11:21 AM,0.00244674
72,2,8:10:19 AM,11:51:46 AM,0.153782316
72,2,8:15:43 AM,10:42:13 AM,0.101735009
72,2,8:16:18 AM,11:56:41 AM,0.153043966
72,2,8:23:55 AM,10:15:27 AM,0.077462374
72,2,8:25:10 AM,8:59:51 AM,0.024078844
72,2,8:33:43 AM,11:59:52 AM,0.143164647
72,2,8:34:52 AM,8:54:42 AM,0.013781068
72,2,8:42:09 AM,12:03:17 PM,0.139668802
72,2,8:50:07 AM,9:41:05 AM,0.035385932
72,2,8:52:22 AM,12:00:34 PM,0.130696338
72,2,8:53:44 AM,12:38:59 PM,0.156415229
72,2,8:56:52 AM,10:26:56 AM,0.062549595
72,2,8:59:18 AM,10:09:51 AM,0.049000206
72,2,9:01:27 AM,4:16:00 PM,0.30177395
72,2,9:40:31 AM,12:07:51 PM,0.1023131
72,2,10:12:33 AM,11:45:45 AM,0.064714025
72,2,11:05:50 AM,11:44:14 AM,0.026671501
72,2,11:21:59 AM,2:06:47 PM,0.114439686
72,2,12:11:11 PM,2:34:14 PM,0.099346469
72,2,2:03:19 PM,8:19:14 PM,0.261046898
72,2,3:24:08 PM,7:22:15 PM,0.165354704
72,2,4:09:47 PM,6:45:10 PM,0.107907508
72,2,4:59:17 PM,9:47:53 PM,0.200420769
72,2,5:27:09 PM,1:04:15 AM,0.317420351
72,2,6:26:30 PM,11:25:59 PM,0.207980331
72,2,8:04:37 PM,3:52:28 AM,0.324900124
72,2,9:22:24 PM,10:35:11 PM,0.050540678
72,2,10:58:12 PM,6:11:51 AM,0.301144654
72,2,11:29:45 PM,1:36:36 AM,0.0880807
73,3,12:29:45 AM,2:24:42 PM,0.579823258
73,3,2:24:53 AM,2:47:29 AM,0.015683364
73,3,8:00:50 AM,11:20:46 AM,0.138845787
73,3,8:02:38 AM,8:42:51 AM,0.027933036
73,3,8:02:48 AM,11:39:59 AM,0.150821339
73,3,8:10:08 AM,11:56:09 AM,0.15695455
73,3,8:15:30 AM,11:08:00 AM,0.119799103
73,3,8:23:12 AM,10:14:37 AM,0.077372654
73,3,8:25:13 AM,9:43:01 AM,0.054033547
73,3,8:25:56 AM,9:02:19 AM,0.025260844
73,3,8:28:43 AM,10:09:17 AM,0.069839576
73,3,8:35:08 AM,9:38:54 AM,0.044284762
73,3,8:37:59 AM,11:59:41 AM,0.140074499
73,3,8:38:37 AM,10:36:55 AM,0.082149512
73,3,8:40:50 AM,10:15:46 AM,0.065926737
73,3,8:41:15 AM,8:47:03 AM,0.004024375
73,3,8:48:39 AM,11:13:47 AM,0.100787964
73,3,8:55:07 AM,10:21:06 AM,0.059708484
73,3,9:05:02 AM,11:18:27 AM,0.092651687
73,3,10:50:20 AM,3:15:12 PM,0.183932211
73,3,10:54:35 AM,2:55:03 PM,0.166985778
73,3,12:12:24 PM,3:21:11 PM,0.131094154
73,3,12:47:21 PM,6:23:38 PM,0.233529451
73,3,12:56:26 PM,7:30:26 PM,0.27360549
73,3,2:33:36 PM,6:52:44 PM,0.179952589
73,3,3:43:15 PM,8:43:13 PM,0.208307245
73,3,5:20:22 PM,1:01:18 AM,0.320093058
73,3,5:39:16 PM,8:27:44 PM,0.116990907
73,3,5:40:18 PM,12:18:08 AM,0.276275654
73,3,5:56:51 PM,8:26:27 PM,0.103890727
73,3,6:43:22 PM,12:48:47 AM,0.253756943
73,3,7:37:56 PM,10:38:26 PM,0.125346571
73,3,7:42:21 PM,7:45:30 PM,0.002181627
73,3,9:29:55 PM,4:47:26 AM,0.303833592
73,3,9:34:43 PM,2:48:09 AM,0.217658534
73,3,10:27:49 PM,3:45:41 AM,0.220738504
73,3,11:09:47 PM,12:48:26 AM,0.068509752
74,4,12:23:04 AM,3:00:43 AM,0.109479267
74,4,1:08:41 AM,4:38:43 AM,0.145855281
74,4,6:26:11 AM,8:13:09 AM,0.07428241
74,4,6:32:29 AM,8:01:36 AM,0.061884063
74,4,6:40:15 AM,7:07:43 AM,0.019075819
74,4,6:51:13 AM,7:35:21 AM,0.030655874
74,4,6:51:30 AM,8:05:04 AM,0.051098546
74,4,6:54:32 AM,7:02:31 AM,0.00554661
74,4,7:11:57 AM,8:10:51 AM,0.040903641
74,4,7:14:57 AM,8:45:21 AM,0.062767205
74,4,7:19:46 AM,7:23:46 AM,0.002785579
74,4,7:20:40 AM,7:47:33 AM,0.018665842
74,4,7:23:04 AM,8:14:52 AM,0.035969116
74,4,7:26:01 AM,7:41:47 AM,0.010958064
74,4,7:38:46 AM,9:05:28 AM,0.060206587
74,4,7:50:02 AM,8:20:28 AM,0.021124063
74,4,7:58:09 AM,9:25:07 AM,0.060399032
74,4,8:14:51 AM,11:06:38 AM,0.119292644
74,4,8:18:10 AM,11:22:47 AM,0.128197838
74,4,8:25:31 AM,10:17:17 AM,0.077619472
74,4,8:33:40 AM,11:02:09 AM,0.103112898
74,4,8:39:05 AM,8:50:09 AM,0.007689893
74,4,8:45:45 AM,12:25:27 PM,0.152563703
74,4,8:53:54 AM,12:51:13 PM,0.164799164
74,4,8:55:12 AM,9:19:21 AM,0.016766399
74,4,8:56:03 AM,12:13:08 PM,0.136859519
74,4,9:01:55 AM,11:15:11 AM,0.092551195
74,4,10:20:10 AM,2:05:00 PM,0.156142723
74,4,11:52:02 AM,7:27:15 PM,0.316127489
74,4,12:02:10 PM,2:16:40 PM,0.093406429
74,4,12:11:40 PM,3:12:53 PM,0.125841851
74,4,1:37:51 PM,4:17:52 PM,0.111123241
74,4,1:44:35 PM,2:33:36 PM,0.034040638
74,4,2:20:29 PM,2:34:49 PM,0.009950146
74,4,2:37:32 PM,9:46:59 PM,0.298238531
74,4,3:42:27 PM,5:06:21 PM,0.058261495
74,4,3:43:31 PM,6:26:53 PM,0.113450257
74,4,5:37:35 PM,12:19:29 AM,0.279091483
74,4,7:20:02 PM,2:12:06 AM,0.286164862
74,4,7:27:54 PM,1:26:35 AM,0.249079493
74,4,7:31:56 PM,12:02:33 AM,0.187924357
74,4,9:17:14 PM,12:44:51 AM,0.144176258
74,4,11:15:12 PM,4:20:17 AM,0.2118591
74,4,11:42:27 PM,4:29:54 AM,0.199619185
75,5,1:40:07 AM,5:33:33 PM,0.662105912
75,5,7:00:08 AM,8:29:24 AM,0.061993435
75,5,7:05:41 AM,8:17:12 AM,0.049662942
75,5,7:25:13 AM,9:23:05 AM,0.081847743
75,5,7:27:06 AM,9:24:34 AM,0.08157572
75,5,7:40:57 AM,9:17:40 AM,0.067167314
75,5,7:59:24 AM,8:38:45 AM,0.027331319
75,5,8:14:22 AM,11:39:38 AM,0.142553477
75,5,8:17:00 AM,9:25:43 AM,0.047716059
75,5,8:17:50 AM,8:47:10 AM,0.02036995
75,5,8:18:34 AM,10:32:26 AM,0.092958922
75,5,8:26:02 AM,11:00:48 AM,0.107482574
75,5,8:31:16 AM,12:02:34 PM,0.146738463
75,5,8:40:03 AM,9:22:21 AM,0.029380116
75,5,8:41:03 AM,10:23:52 AM,0.071398162
75,5,8:50:10 AM,12:19:43 PM,0.145527823
75,5,8:53:22 AM,12:07:48 PM,0.135014904
75,5,9:01:20 AM,10:03:28 AM,0.043142432
75,5,10:19:20 AM,3:43:12 PM,0.224901129
75,5,10:26:07 AM,2:08:48 PM,0.154638549
75,5,11:08:50 AM,6:53:23 PM,0.32260301
75,5,12:00:41 PM,2:28:13 PM,0.102451806
75,5,1:53:41 PM,2:52:50 PM,0.041073844
75,5,2:37:05 PM,5:54:56 PM,0.13739966
75,5,3:41:12 PM,5:37:44 PM,0.080921419
75,5,4:58:08 PM,11:03:30 PM,0.253733303
75,5,5:50:56 PM,11:38:45 PM,0.241539079
75,5,7:27:08 PM,2:20:32 AM,0.287080988
75,5,7:32:42 PM,1:23:58 AM,0.243933356
75,5,8:51:40 PM,10:24:06 PM,0.064182361
75,5,9:10:20 PM,1:18:49 AM,0.172553342
75,5,10:58:22 PM,2:26:45 AM,0.144700883
75,5,11:37:43 PM,2:32:39 AM,0.12147753
76,6,1:10:01 AM,6:17:34 AM,0.213576673
76,6,7:57:06 AM,10:04:34 AM,0.088519445
76,6,8:12:15 AM,3:23:55 PM,0.299774041
76,6,8:28:26 AM,12:43:19 PM,0.177001271
76,6,8:48:11 AM,11:35:34 AM,0.11624011
76,6,9:05:48 AM,9:26:27 AM,0.014337618
76,6,12:23:58 PM,9:44:10 PM,0.389025407
76,6,4:18:46 PM,5:55:17 PM,0.067025912
76,6,8:01:45 PM,8:55:00 PM,0.03698816
76,6,11:42:50 PM,4:11:58 AM,0.186903605
77,7,3:02:34 AM,6:03:04 AM,1.125346348
77,7,4:23:57 AM,10:27:59 AM,1.252806646
77,7,9:06:35 AM,9:32:28 PM,0.517969705
77,7,11:21:37 AM,4:32:46 PM,0.216077753
77,7,11:53:07 AM,6:31:46 PM,0.276838926
77,7,1:18:38 PM,10:26:03 PM,0.380148795
77,7,4:37:53 PM,8:47:08 PM,0.173100803
77,7,5:04:52 PM,8:50:56 AM,0.656988926
77,7,6:46:45 PM,2:00:52 AM,0.301470124
77,7,7:06:06 PM,9:26:36 AM,0.597570239
77,7,10:02:58 PM,2:53:39 AM,0.201869422
77,7,11:40:11 PM,10:25:18 AM,0.44799609
78,1,12:09:37 AM,3:52:29 AM,0.154762473
78,1,5:30:29 AM,12:19:47 PM,0.284232302
78,1,7:28:05 AM,8:53:16 AM,0.059154943
78,1,7:39:22 AM,8:36:29 AM,0.039664374
78,1,7:55:27 AM,8:01:47 AM,0.004406785
78,1,8:05:31 AM,10:22:01 AM,0.094791447
78,1,8:08:08 AM,8:44:51 AM,0.025503153
78,1,8:16:25 AM,10:54:03 AM,0.109457725
78,1,8:25:01 AM,10:25:17 AM,0.083518891
78,1,8:28:42 AM,9:15:58 AM,0.032832422
78,1,8:35:18 AM,11:33:23 AM,0.12367445
78,1,8:38:27 AM,11:21:06 AM,0.1129515
78,1,8:39:17 AM,11:44:57 AM,0.128931899
78,1,8:46:40 AM,12:09:13 PM,0.140662077
78,1,8:50:35 AM,12:25:33 PM,0.149282057
78,1,8:58:35 AM,10:20:53 AM,0.057156528
78,1,9:05:37 AM,11:27:15 AM,0.098354248
78,1,9:59:21 AM,10:39:11 AM,0.027661551
78,1,11:18:43 AM,5:46:03 PM,0.268978462
78,1,12:14:49 PM,6:59:48 PM,0.28123552
78,1,1:20:26 PM,3:18:44 PM,0.082147502
78,1,2:06:23 PM,9:31:19 PM,0.308978678
78,1,2:56:10 PM,9:37:32 PM,0.278724411
78,1,4:50:35 PM,11:42:46 PM,0.286237296
78,1,4:52:16 PM,12:10:05 AM,0.304045561
78,1,6:31:20 PM,11:38:36 PM,0.213387819
78,1,6:31:50 PM,7:06:44 PM,0.024227358
78,1,8:02:26 PM,10:31:30 PM,0.103525791
78,1,9:19:13 PM,11:53:12 PM,0.106925831
78,1,11:03:34 PM,5:18:47 AM,0.260569527
79,2,12:59:49 AM,2:31:31 AM,0.06368364
79,2,6:06:09 AM,6:22:58 AM,0.011673477
79,2,6:08:48 AM,6:26:56 AM,0.012590791
79,2,6:17:55 AM,6:32:16 AM,0.009963144
79,2,6:30:23 AM,6:32:33 AM,0.001509533
79,2,6:32:09 AM,8:23:10 AM,0.077096865
79,2,6:42:43 AM,7:00:36 AM,0.012414218
79,2,6:49:09 AM,7:54:32 AM,0.04539698
79,2,7:06:23 AM,8:24:19 AM,0.054127485
79,2,7:14:12 AM,8:16:30 AM,0.04326337
79,2,7:20:14 AM,8:08:12 AM,0.033306992
79,2,7:25:02 AM,9:12:28 AM,0.074599339
79,2,7:31:19 AM,8:00:28 AM,0.020251197
79,2,7:34:00 AM,9:14:49 AM,0.070011051
79,2,7:41:44 AM,9:20:03 AM,0.068274002
79,2,7:54:19 AM,9:39:40 AM,0.073160723
79,2,8:06:39 AM,9:11:41 AM,0.045151244
79,2,8:10:20 AM,9:09:48 AM,0.041296528
79,2,8:12:20 AM,9:30:39 AM,0.054379129
79,2,8:14:21 AM,11:03:03 AM,0.117149489
79,2,8:24:01 AM,10:00:35 AM,0.067064932
79,2,8:30:50 AM,9:47:56 AM,0.053547182
79,2,8:40:14 AM,10:07:55 AM,0.06088652
79,2,8:42:13 AM,10:13:34 AM,0.063448601
79,2,8:48:22 AM,12:20:15 PM,0.147140752
79,2,8:53:35 AM,10:36:19 AM,0.071342446
79,2,8:53:54 AM,9:56:50 AM,0.043704151
79,2,8:56:30 AM,9:40:47 AM,0.030745954
79,2,8:56:45 AM,10:50:55 AM,0.07928595
79,2,8:57:12 AM,12:36:44 PM,0.152461021
79,2,8:57:41 AM,12:15:29 PM,0.137360496
79,2,8:59:34 AM,9:50:19 AM,0.035245165
79,2,9:02:24 AM,2:13:13 PM,0.215847733
79,2,10:44:35 AM,5:38:16 PM,0.287282548
79,2,11:27:15 AM,4:46:50 PM,0.221925466
79,2,12:47:43 PM,2:58:39 PM,0.090924438
79,2,1:13:15 PM,5:51:57 PM,0.193546397
79,2,1:53:41 PM,2:21:47 PM,0.019510466
79,2,2:15:41 PM,2:52:50 PM,0.02579838
79,2,4:05:20 PM,6:50:29 PM,0.114692709
79,2,4:28:18 PM,8:51:01 PM,0.182432424
79,2,4:37:55 PM,10:02:17 PM,0.225262996
79,2,4:59:36 PM,11:06:19 PM,0.254665712
79,2,6:07:35 PM,11:09:37 PM,0.20974735
79,2,7:17:49 PM,10:40:56 PM,0.141048928
79,2,8:49:01 PM,11:34:10 PM,0.114687631
79,2,10:39:31 PM,3:36:49 AM,0.206458251
80,3,12:26:13 AM,8:51:05 AM,0.350596319
80,3,5:30:14 AM,6:19:10 PM,0.533981146
80,3,7:46:55 AM,8:43:46 AM,0.039472583
80,3,8:04:44 AM,11:29:01 AM,0.141861938
80,3,8:07:11 AM,11:56:32 AM,0.159272907
80,3,8:09:31 AM,11:51:46 AM,0.154334593
80,3,8:14:38 AM,11:28:26 AM,0.134581673
80,3,8:16:23 AM,11:42:43 AM,0.14328914
80,3,8:19:16 AM,8:45:54 AM,0.018487952
80,3,8:26:59 AM,8:34:25 AM,0.005162225
80,3,8:36:45 AM,10:16:14 AM,0.069083032
80,3,8:38:46 AM,9:28:31 AM,0.034546071
80,3,8:43:53 AM,12:17:36 PM,0.148407437
80,3,8:49:51 AM,11:53:47 AM,0.127742047
80,3,8:59:32 AM,11:18:03 AM,0.096198196
80,3,9:04:56 AM,11:36:04 AM,0.104957555
80,3,9:29:42 AM,4:18:35 PM,0.283943762
80,3,9:29:52 AM,9:38:16 AM,0.005829345
80,3,11:08:58 AM,3:29:06 PM,0.180647825
80,3,12:13:42 PM,2:44:54 PM,0.104995693
80,3,12:58:13 PM,4:11:18 PM,0.134088381
80,3,1:32:16 PM,5:15:59 PM,0.155358358
80,3,3:11:45 PM,8:27:26 PM,0.219220965
80,3,5:01:32 PM,8:48:49 PM,0.157832596
80,3,5:28:21 PM,6:06:13 PM,0.026289446
80,3,6:39:28 PM,9:48:48 PM,0.131478918
80,3,8:06:56 PM,10:47:26 PM,0.111464957
80,3,9:10:33 PM,4:04:57 AM,0.287775824
80,3,9:27:51 PM,11:00:03 PM,0.064027194
80,3,10:10:31 PM,11:25:40 PM,0.05217792
80,3,11:12:18 PM,5:19:41 AM,0.255131083
80,3,11:40:39 PM,7:32:51 AM,0.327922369
81,4,12:15:06 AM,4:20:52 AM,0.170673023
81,4,1:12:01 AM,3:01:16 AM,0.075863576
81,4,3:46:52 AM,10:34:46 AM,0.283269295
81,4,6:58:09 AM,8:57:55 AM,0.08317358
81,4,7:11:40 AM,8:57:13 AM,0.073289015
81,4,7:13:54 AM,8:09:32 AM,0.038635126
81,4,7:26:28 AM,7:38:22 AM,0.008267476
81,4,7:34:25 AM,9:15:52 AM,0.070459942
81,4,7:44:29 AM,9:33:25 AM,0.075648998
81,4,8:00:59 AM,9:32:09 AM,0.063315468
81,4,8:04:27 AM,10:09:38 AM,0.086938873
81,4,8:07:50 AM,11:12:27 AM,0.128208496
81,4,8:08:29 AM,9:14:57 AM,0.046157731
81,4,8:09:35 AM,8:19:56 AM,0.007190296
81,4,8:16:09 AM,12:08:20 PM,0.16124206
81,4,8:21:19 AM,8:38:17 AM,0.011778959
81,4,8:30:57 AM,9:48:21 AM,0.053742509
81,4,8:37:24 AM,11:09:31 AM,0.105636432
81,4,8:42:58 AM,12:32:46 PM,0.159575166
81,4,8:47:13 AM,9:24:55 AM,0.026188552
81,4,8:50:43 AM,12:05:35 PM,0.135324591
81,4,8:53:09 AM,10:17:33 AM,0.058600794
81,4,8:56:58 AM,11:06:17 AM,0.089799768
81,4,9:00:27 AM,11:22:58 AM,0.098961536
81,4,9:51:23 AM,1:01:47 PM,0.132217889
81,4,11:22:17 AM,4:24:26 PM,0.209823832
81,4,12:05:20 PM,7:02:26 PM,0.289658935
81,4,12:55:16 PM,2:34:46 PM,0.069098263
81,4,2:27:21 PM,5:18:44 PM,0.119017853
81,4,2:29:03 PM,10:23:41 PM,0.329606206
81,4,4:19:43 PM,8:31:01 PM,0.174511915
81,4,5:31:54 PM,6:13:46 PM,0.029067593
81,4,6:19:44 PM,1:44:05 AM,0.30858545
81,4,7:36:30 PM,10:47:00 PM,0.132291831
81,4,8:57:01 PM,9:16:23 PM,0.013447685
81,4,9:42:23 PM,3:38:18 AM,0.247170084
81,4,11:30:18 PM,3:24:11 AM,0.162413269
82,5,1:20:58 AM,5:56:17 AM,0.191187804
82,5,7:10:12 AM,8:00:15 AM,0.034752696
82,5,7:25:26 AM,8:23:23 AM,0.04024202
82,5,7:41:56 AM,8:37:10 AM,0.038351539
82,5,7:57:22 AM,9:46:18 AM,0.075641033
82,5,8:12:18 AM,9:59:08 AM,0.074190647
82,5,8:13:05 AM,11:13:52 AM,0.125536278
82,5,8:13:36 AM,8:15:15 AM,0.001143729
82,5,8:18:47 AM,10:25:40 AM,0.088113972
82,5,8:22:14 AM,8:35:57 AM,0.009528941
82,5,8:22:33 AM,8:59:36 AM,0.025728749
82,5,8:28:19 AM,11:51:43 AM,0.141240914
82,5,8:33:20 AM,9:37:13 AM,0.044361736
82,5,8:42:33 AM,10:50:50 AM,0.089080959
82,5,8:47:42 AM,11:56:07 AM,0.130849826
82,5,8:49:48 AM,10:07:37 AM,0.054041887
82,5,8:52:37 AM,12:44:07 PM,0.160774331
82,5,8:59:34 AM,11:38:40 AM,0.110481733
82,5,9:00:12 AM,4:10:33 PM,0.298857937
82,5,10:14:26 AM,12:06:58 PM,0.078153965
82,5,10:50:54 AM,4:42:40 PM,0.244279366
82,5,12:12:44 PM,3:41:11 PM,0.144749094
82,5,1:25:37 PM,4:12:00 PM,0.115550693
82,5,1:34:50 PM,8:52:27 PM,0.303897275
82,5,1:37:24 PM,6:44:20 PM,0.213154243
82,5,2:57:14 PM,7:19:49 PM,0.182352213
82,5,3:39:13 PM,11:30:51 PM,0.327525991
82,5,3:53:50 PM,9:39:48 PM,0.240253176
82,5,4:01:41 PM,5:29:59 PM,0.061316807
82,5,4:46:54 PM,8:25:11 PM,0.15158039
82,5,6:20:32 PM,11:51:00 PM,0.22948785
82,5,6:24:19 PM,7:11:29 PM,0.032758012
82,5,8:14:14 PM,9:46:44 PM,0.064245019
82,5,8:31:09 PM,12:31:15 AM,0.166737886
82,5,9:38:18 PM,12:35:02 AM,0.122737998
82,5,10:37:33 PM,12:44:26 AM,0.088120691
83,6,12:06:31 AM,1:28:41 AM,1.057058972
83,6,4:49:29 AM,12:44:25 PM,1.329810262
83,6,12:16:51 PM,2:31:26 AM,0.593457858
83,6,1:54:34 PM,9:52:49 PM,0.332119519
83,6,2:13:17 PM,11:56:07 PM,0.404736619
83,6,3:34:09 PM,3:02:44 AM,0.478183318
83,6,7:19:29 PM,5:43:21 AM,0.433242064
83,6,9:58:02 PM,8:40:41 AM,0.44628093
83,6,10:21:17 PM,12:40:54 AM,0.096949505
83,6,11:39:11 PM,5:19:04 AM,0.236031301
84,7,12:30:21 AM,8:55:48 AM,0.351005772
84,7,2:49:15 AM,7:26:49 PM,0.692759202
84,7,1:00:45 PM,11:49:18 PM,0.450391319
84,7,3:40:56 PM,9:13:35 PM,0.231004852
84,7,5:51:05 PM,4:02:56 AM,0.424894869
84,7,7:23:36 PM,12:48:18 AM,0.225481607
84,7,8:12:46 PM,2:20:06 AM,0.255091353
84,7,8:13:37 PM,10:39:10 AM,0.601072679
84,7,11:39:34 PM,2:06:49 PM,0.602265338
85,1,3:02:55 AM,2:52:26 PM,0.49272047
85,1,3:54:20 AM,12:25:16 PM,0.354807922
85,1,4:46:53 AM,12:13:56 PM,0.310452543
85,1,9:14:09 AM,12:57:54 PM,0.155380379
85,1,10:15:49 AM,6:05:23 PM,0.3260864
85,1,10:41:54 AM,3:38:30 PM,0.205982205
85,1,11:23:56 AM,12:14:18 PM,0.034972662
85,1,12:58:27 PM,7:22:13 PM,0.266504711
85,1,1:07:42 PM,5:43:53 PM,0.191795182
85,1,1:46:09 PM,7:36:49 PM,0.243524788
85,1,2:07:49 PM,6:51:05 PM,0.196717457
85,1,2:44:20 PM,3:30:42 PM,0.032195398
85,1,2:46:24 PM,5:06:26 PM,0.097255129
85,1,2:58:47 PM,4:30:19 PM,0.063558042
85,1,3:17:20 PM,4:49:38 PM,0.064099207
85,1,4:17:17 PM,4:49:10 PM,0.022138438
85,1,6:07:48 PM,12:34:20 AM,0.268425991
85,1,6:34:09 PM,10:17:26 PM,0.155051476
85,1,7:25:17 PM,12:34:37 AM,0.214808308
85,1,9:07:30 PM,12:37:16 AM,0.145665601
85,1,9:37:30 PM,11:50:56 PM,0.092663874
85,1,9:53:44 PM,3:52:46 AM,0.249336663
85,1,10:49:48 PM,12:29:10 AM,0.069009303
85,1,11:06:17 PM,1:08:05 AM,0.084580993
86,2,12:33:44 AM,3:38:09 PM,0.628072903
86,2,12:52:38 AM,4:29:29 AM,0.150600603
86,2,2:45:20 AM,3:56:58 AM,0.049740843
86,2,7:54:28 AM,8:09:11 AM,0.010226885
86,2,7:57:16 AM,8:03:42 AM,0.004476136
86,2,8:03:42 AM,12:01:37 PM,0.165218563
86,2,8:09:52 AM,9:33:22 AM,0.057982318
86,2,8:10:24 AM,8:54:35 AM,0.030680201
86,2,8:15:20 AM,9:51:24 AM,0.066719395
86,2,8:19:11 AM,11:10:03 AM,0.11865847
86,2,8:26:22 AM,11:18:15 AM,0.119366054
86,2,8:29:35 AM,10:01:43 AM,0.06397627
86,2,8:33:33 AM,9:42:27 AM,0.04785066
86,2,8:39:53 AM,9:17:53 AM,0.026393085
86,2,8:40:55 AM,9:53:20 AM,0.050297753
86,2,8:47:15 AM,12:42:53 PM,0.163636455
86,2,8:48:18 AM,11:51:04 AM,0.126924823
86,2,8:50:11 AM,9:25:06 AM,0.024244985
86,2,8:56:35 AM,10:24:23 AM,0.06097527
86,2,8:57:18 AM,9:27:30 AM,0.020967844
86,2,9:03:02 AM,10:38:01 AM,0.065957886
86,2,10:01:08 AM,4:20:01 PM,0.263107173
86,2,11:28:55 AM,2:25:52 PM,0.122875581
86,2,1:03:22 PM,4:58:05 PM,0.162989529
86,2,1:40:23 PM,3:00:06 PM,0.055366736
86,2,3:32:30 PM,3:52:01 PM,0.013547119
86,2,5:11:37 PM,5:57:54 PM,0.032144812
86,2,5:37:44 PM,1:11:55 AM,0.315404963
86,2,6:15:36 PM,7:18:27 PM,0.04364778
86,2,6:16:41 PM,9:19:02 PM,0.126627862
86,2,6:26:13 PM,1:19:26 AM,0.28695095
86,2,7:22:55 PM,12:02:54 AM,0.194430247
86,2,8:56:48 PM,9:39:26 PM,0.029596769
86,2,9:46:12 PM,11:51:58 PM,0.087338881
86,2,11:27:21 PM,1:42:09 AM,0.093612163
87,3,12:22:35 AM,12:50:20 AM,0.019263823
87,3,1:07:09 AM,2:12:05 PM,0.545095159
87,3,4:14:19 AM,4:53:45 AM,0.027383715
87,3,7:03:12 AM,7:40:15 AM,0.025729262
87,3,7:05:33 AM,8:47:16 AM,0.070634375
87,3,7:21:57 AM,8:38:22 AM,0.053068351
87,3,7:38:32 AM,8:11:56 AM,0.02319361
87,3,7:48:16 AM,8:43:10 AM,0.038123989
87,3,7:54:57 AM,9:52:25 AM,0.081573148
87,3,8:08:33 AM,12:00:25 PM,0.161022553
87,3,8:16:21 AM,9:39:22 AM,0.057648045
87,3,8:23:40 AM,9:13:43 AM,0.034754883
87,3,8:25:28 AM,11:15:02 AM,0.117748737
87,3,8:34:04 AM,12:08:31 PM,0.14892685
87,3,8:41:46 AM,10:04:23 AM,0.057382453
87,3,8:42:46 AM,12:11:18 PM,0.14481185
87,3,8:46:33 AM,12:28:09 PM,0.15388097
87,3,8:53:01 AM,12:10:47 PM,0.137340373
87,3,9:00:21 AM,9:11:33 AM,0.007782056
87,3,10:16:45 AM,3:52:21 PM,0.233058441
87,3,10:21:26 AM,5:49:44 PM,0.311324425
87,3,10:26:53 AM,5:23:27 PM,0.289279717
87,3,12:17:33 PM,1:37:14 PM,0.05534061
87,3,1:02:55 PM,3:30:20 PM,0.10236497
87,3,2:37:23 PM,8:07:24 PM,0.229181173
87,3,2:38:08 PM,6:37:18 PM,0.166080554
87,3,3:48:28 PM,8:29:46 PM,0.195346599
87,3,4:45:37 PM,8:05:42 PM,0.138954149
87,3,6:05:29 PM,10:17:52 PM,0.175264332
87,3,7:12:05 PM,8:29:26 PM,0.053707918
87,3,8:30:52 PM,8:34:16 PM,0.002364483
87,3,9:40:26 PM,11:51:28 PM,0.090998847
87,3,11:11:42 PM,11:19:26 PM,0.005365275
88,4,12:26:20 AM,1:29:29 AM,0.043859084
88,4,3:24:58 AM,10:34:14 AM,0.298099131
88,4,6:01:59 AM,6:49:22 AM,0.032903198
88,4,6:18:25 AM,7:04:13 AM,0.031805156
88,4,6:26:49 AM,6:43:17 AM,0.011443084
88,4,6:41:23 AM,7:04:19 AM,0.015916586
88,4,6:59:10 AM,8:42:45 AM,0.071931377
88,4,7:05:54 AM,8:59:04 AM,0.078593789
88,4,7:23:49 AM,7:23:54 AM,5.09E-05
88,4,7:35:11 AM,9:19:28 AM,0.072419705
88,4,7:46:49 AM,8:15:58 AM,0.02024717
88,4,7:57:37 AM,8:01:45 AM,0.002867974
88,4,8:12:33 AM,11:16:50 AM,0.127979636
88,4,8:12:43 AM,8:50:00 AM,0.025894382
88,4,8:22:43 AM,11:14:10 AM,0.119068637
88,4,8:28:47 AM,11:28:38 AM,0.12488764
88,4,8:29:53 AM,12:01:14 PM,0.146769601
88,4,8:35:34 AM,10:44:04 AM,0.089236272
88,4,8:37:24 AM,11:54:36 AM,0.136939865
88,4,8:37:44 AM,8:58:36 AM,0.014491717
88,4,8:39:26 AM,9:47:30 AM,0.047270432
88,4,8:41:13 AM,9:47:11 AM,0.045815096
88,4,8:49:59 AM,10:49:45 AM,0.083166079
88,4,8:57:46 AM,10:13:29 AM,0.052580998
88,4,9:02:12 AM,9:11:09 AM,0.006207111
88,4,10:02:00 AM,1:02:34 PM,0.125403226
88,4,11:37:07 AM,4:40:08 PM,0.210431578
88,4,12:44:08 PM,7:13:27 PM,0.270357837
88,4,1:53:42 PM,2:53:34 PM,0.041572767
88,4,2:48:01 PM,3:12:58 PM,0.017329013
88,4,2:55:41 PM,10:20:44 PM,0.30906847
88,4,3:53:53 PM,10:41:42 PM,0.283208554
88,4,5:52:32 PM,12:49:08 AM,0.289311101
88,4,7:13:42 PM,7:19:10 PM,0.003793758
88,4,8:09:48 PM,12:32:51 AM,0.182675367
88,4,9:24:54 PM,3:49:39 AM,0.267191837
88,4,10:07:31 PM,2:49:46 AM,0.19600985
88,4,11:30:55 PM,6:59:43 AM,0.311663961
89,5,12:44:31 AM,3:12:01 PM,0.602436285
89,5,4:13:11 AM,3:53:39 PM,0.486429017
89,5,5:17:43 AM,2:55:46 PM,0.401430391
89,5,9:07:40 AM,9:35:54 AM,0.019613019
89,5,11:00:42 AM,1:10:11 PM,0.089915657
89,5,12:40:44 PM,1:47:35 PM,0.046429574
89,5,1:49:31 PM,7:21:40 PM,0.230654307
89,5,3:38:27 PM,5:30:01 PM,0.07748178
89,5,4:41:13 PM,9:45:29 PM,0.211296257
89,5,6:19:53 PM,1:42:10 AM,0.307147686
89,5,7:19:12 PM,2:15:45 AM,0.289272026
89,5,8:40:14 PM,4:27:38 AM,0.324581965
89,5,10:10:40 PM,5:15:14 AM,0.294839027
89,5,10:38:51 PM,5:21:51 AM,0.279861037
89,5,11:06:43 PM,3:23:36 AM,0.178396979
89,5,11:47:53 PM,12:41:13 AM,0.037037769
89,5,11:48:28 PM,7:17:10 AM,0.311594424
90,6,12:44:42 AM,10:54:55 PM,0.92375737
90,6,11:20:22 AM,1:00:00 AM,0.569191275
90,6,3:01:12 PM,1:57:17 AM,0.455612561
90,6,6:57:12 PM,3:13:20 AM,0.344542014
90,6,7:03:57 PM,5:32:52 AM,0.436750171
90,6,9:32:43 PM,5:23:13 AM,0.326732342
90,6,10:37:01 PM,4:25:29 AM,0.241997238
91,7,1:41:50 AM,3:18:50 AM,1.067361195
91,7,10:41:53 AM,6:12:14 PM,0.312742218
91,7,11:49:56 AM,1:37:07 AM,0.574430955
91,7,12:00:55 PM,3:01:19 PM,0.125274477
91,7,12:31:03 PM,5:11:25 PM,0.194690697
91,7,2:48:05 PM,4:21:18 PM,0.06473321
91,7,4:46:41 PM,4:48:43 AM,0.501419256
91,7,8:18:44 PM,5:51:22 AM,0.397666956
92,1,12:18:04 AM,2:36:41 AM,0.096259983
92,1,12:37:27 AM,9:40:22 AM,0.377032971
92,1,2:51:41 AM,9:38:41 AM,0.282633273
92,1,6:43:07 AM,7:32:42 AM,0.034426484
92,1,7:00:17 AM,7:34:59 AM,0.024093269
92,1,7:17:41 AM,8:18:17 AM,0.042080855
92,1,7:33:45 AM,7:40:23 AM,0.004607926
92,1,7:44:22 AM,8:32:34 AM,0.033472925
92,1,7:54:35 AM,9:48:32 AM,0.079123693
92,1,8:05:08 AM,10:56:09 AM,0.11876302
92,1,8:05:24 AM,9:47:25 AM,0.070845767
92,1,8:09:57 AM,9:24:51 AM,0.052007097
92,1,8:12:50 AM,8:33:32 AM,0.014380904
92,1,8:20:33 AM,11:27:17 AM,0.129681944
92,1,8:25:26 AM,10:46:19 AM,0.097839395
92,1,8:25:37 AM,10:28:27 AM,0.085303649
92,1,8:34:27 AM,11:26:11 AM,0.119256325
92,1,8:40:45 AM,12:11:59 PM,0.146687981
92,1,8:43:56 AM,9:23:16 AM,0.027322995
92,1,8:44:58 AM,12:42:53 PM,0.165221392
92,1,8:45:29 AM,9:40:07 AM,0.037943414
92,1,8:49:58 AM,11:27:24 AM,0.109326425
92,1,8:52:04 AM,10:24:47 AM,0.064380441
92,1,9:00:14 AM,2:48:16 PM,0.241692562
92,1,9:07:58 AM,5:03:31 PM,0.330238857
92,1,9:36:06 AM,2:58:33 PM,0.223917717
92,1,10:16:36 AM,1:59:25 PM,0.154734415
92,1,11:26:38 AM,3:31:11 PM,0.169828623
92,1,12:55:05 PM,4:47:57 PM,0.16171163
92,1,2:13:10 PM,6:44:57 PM,0.188736419
92,1,3:48:15 PM,7:12:59 PM,0.142175337
92,1,4:35:22 PM,9:35:58 PM,0.208745616
92,1,5:03:06 PM,5:53:52 PM,0.035254345
92,1,6:50:29 PM,10:11:42 PM,0.139735675
92,1,7:44:54 PM,8:51:55 PM,0.046529057
92,1,8:03:03 PM,8:45:04 PM,0.029188613
92,1,8:38:24 PM,12:55:42 AM,0.178684084
92,1,9:17:59 PM,9:50:55 PM,0.022860764
92,1,9:53:39 PM,4:17:06 AM,0.266282287
92,1,11:33:09 PM,2:13:29 AM,0.11134212
93,2,1:13:15 AM,8:39:08 AM,0.309631621
93,2,3:03:01 AM,3:05:21 PM,0.501626019
93,2,6:45:28 AM,7:55:52 AM,0.048886856
93,2,6:45:38 AM,7:16:37 AM,0.021512353
93,2,7:03:38 AM,7:49:41 AM,0.031986598
93,2,7:17:12 AM,8:11:10 AM,0.03748298
93,2,7:32:14 AM,9:28:41 AM,0.080863388
93,2,7:46:46 AM,8:29:23 AM,0.029599833
93,2,7:47:24 AM,9:26:04 AM,0.068517958
93,2,7:54:03 AM,9:26:30 AM,0.064194162
93,2,8:01:11 AM,11:38:41 AM,0.151037184
93,2,8:08:33 AM,10:16:25 AM,0.08880093
93,2,8:15:39 AM,9:56:06 AM,0.06975699
93,2,8:24:51 AM,10:36:57 AM,0.09173005
93,2,8:31:30 AM,9:04:01 AM,0.022590126
93,2,8:33:10 AM,9:46:06 AM,0.050643796
93,2,8:39:19 AM,11:07:11 AM,0.102680908
93,2,8:41:18 AM,9:48:16 AM,0.046501229
93,2,8:44:23 AM,11:44:07 AM,0.124817239
93,2,8:49:54 AM,10:28:48 AM,0.068684974
93,2,8:59:19 AM,11:14:43 AM,0.094029694
93,2,9:05:08 AM,4:46:07 PM,0.320135133
93,2,9:21:55 AM,3:13:14 PM,0.2439628
93,2,10:09:31 AM,11:38:12 AM,0.061589699
93,2,10:40:29 AM,12:35:33 PM,0.079907843
93,2,10:41:38 AM,2:21:02 PM,0.152362829
93,2,10:43:51 AM,4:39:15 PM,0.246801656
93,2,12:35:33 PM,5:06:49 PM,0.188381349
93,2,2:18:32 PM,8:26:59 PM,0.255867437
93,2,3:31:30 PM,10:00:33 PM,0.270175463
93,2,5:00:42 PM,11:07:24 PM,0.254655952
93,2,6:35:29 PM,12:13:35 AM,0.23478789
93,2,8:18:27 PM,11:28:14 PM,0.131800213
93,2,9:23:42 PM,3:42:24 AM,0.262978735
93,2,10:26:43 PM,11:01:31 PM,0.024160892
93,2,11:39:20 PM,6:18:51 AM,0.277435785
94,3,12:19:34 AM,4:16:47 AM,0.164730153
94,3,5:26:24 AM,7:35:15 PM,0.589480444
94,3,11:19:44 AM,2:59:20 PM,0.15250173
94,3,12:31:25 PM,6:17:37 PM,0.240424799
94,3,2:11:24 PM,3:57:29 PM,0.073669911
94,3,2:56:55 PM,4:38:47 PM,0.070742225
94,3,4:24:34 PM,10:45:26 PM,0.264492467
94,3,5:48:34 PM,6:24:10 PM,0.024725085
94,3,6:48:59 PM,7:54:31 PM,0.045515413
94,3,7:32:15 PM,12:16:24 AM,0.19731722
94,3,8:19:19 PM,10:03:00 PM,0.071998493
94,3,9:49:17 PM,4:23:37 AM,0.273841777
94,3,11:06:38 PM,4:39:55 AM,0.23144322
95,4,12:27:46 AM,2:18:05 AM,0.076607516
95,4,12:47:18 AM,10:51:50 AM,0.419825652
95,4,6:45:25 AM,8:45:15 AM,0.083215504
95,4,6:59:58 AM,8:38:51 AM,0.068679616
95,4,7:15:57 AM,8:27:08 AM,0.049437552
95,4,7:22:09 AM,8:12:15 AM,0.034782798
95,4,7:23:52 AM,7:37:28 AM,0.009439085
95,4,7:40:13 AM,9:07:28 AM,0.060587709
95,4,7:47:14 AM,8:58:24 AM,0.049428754
95,4,7:53:03 AM,8:28:23 AM,0.024534968
95,4,7:56:47 AM,9:00:28 AM,0.044223911
95,4,7:59:52 AM,9:43:24 AM,0.071902148
95,4,8:13:50 AM,11:54:52 AM,0.153499214
95,4,8:16:33 AM,9:49:24 AM,0.064486314
95,4,8:22:00 AM,11:45:03 AM,0.141008417
95,4,8:25:33 AM,11:12:55 AM,0.116218409
95,4,8:34:50 AM,10:41:18 AM,0.087826554
95,4,8:39:05 AM,11:08:27 AM,0.103730467
95,4,8:39:22 AM,9:59:46 AM,0.055834126
95,4,8:43:06 AM,10:07:30 AM,0.058612246
95,4,8:46:19 AM,11:58:28 AM,0.133433883
95,4,8:53:25 AM,11:35:43 AM,0.112705372
95,4,9:01:01 AM,11:30:35 AM,0.103861918
95,4,10:41:40 AM,5:48:02 PM,0.296085522
95,4,12:17:43 PM,2:04:07 PM,0.073889008
95,4,1:38:22 PM,6:49:37 PM,0.216136087
95,4,3:01:08 PM,5:02:00 PM,0.083941241
95,4,3:19:35 PM,9:49:39 PM,0.270873959
95,4,3:48:49 PM,5:30:44 PM,0.07077519
95,4,4:46:09 PM,5:09:39 PM,0.016319072
95,4,5:53:34 PM,12:09:03 AM,0.260757687
95,4,6:14:14 PM,11:03:26 PM,0.20083059
95,4,7:16:50 PM,1:27:05 AM,0.257121164
95,4,8:22:12 PM,3:45:31 AM,0.307849565
95,4,8:28:14 PM,2:09:20 AM,0.236879887
95,4,10:06:11 PM,4:54:27 AM,0.283509654
95,4,11:33:49 PM,4:11:07 AM,0.192565573
96,5,12:22:37 AM,12:46:09 AM,0.016346899
96,5,5:09:49 AM,2:05:36 PM,0.37207384
96,5,5:35:14 AM,1:45:33 PM,0.340500606
96,5,5:59:25 AM,1:31:02 PM,0.313622684
96,5,6:01:50 AM,8:00:42 AM,0.082546906
96,5,6:04:54 AM,8:03:10 AM,0.082131469
96,5,6:17:28 AM,6:30:48 AM,0.009259178
96,5,6:28:17 AM,7:19:15 AM,0.035396027
96,5,6:44:39 AM,7:40:09 AM,0.038543889
96,5,6:55:41 AM,7:07:40 AM,0.008315414
96,5,7:01:17 AM,7:18:10 AM,0.011719776
96,5,7:17:01 AM,8:00:52 AM,0.030456706
96,5,7:32:22 AM,7:32:42 AM,0.000231075
96,5,7:51:49 AM,8:26:48 AM,0.024297286
96,5,8:00:30 AM,10:20:21 AM,0.097115499
96,5,8:09:02 AM,8:30:40 AM,0.015025177
96,5,8:17:28 AM,11:12:56 AM,0.121860639
96,5,8:22:05 AM,9:12:59 AM,0.035348552
96,5,8:25:55 AM,8:53:11 AM,0.018930459
96,5,8:32:45 AM,9:13:43 AM,0.028456011
96,5,8:37:40 AM,9:24:24 AM,0.032452782
96,5,8:38:28 AM,10:06:06 AM,0.060857772
96,5,8:42:27 AM,12:35:13 PM,0.161638605
96,5,8:49:28 AM,8:57:13 AM,0.005387908
96,5,8:55:41 AM,12:00:57 PM,0.128661385
96,5,9:03:01 AM,2:33:58 PM,0.229820961
96,5,9:56:46 AM,2:00:05 PM,0.168978801
96,5,11:24:54 AM,11:54:12 AM,0.020349898
96,5,11:41:41 AM,5:03:32 PM,0.223504207
96,5,12:59:55 PM,7:08:15 PM,0.255781717
96,5,1:52:05 PM,5:09:08 PM,0.136831469
96,5,2:55:38 PM,8:48:03 PM,0.2447332
96,5,4:47:07 PM,7:52:35 PM,0.128788414
96,5,5:18:05 PM,9:03:17 PM,0.156385178
96,5,6:20:26 PM,10:43:48 PM,0.182894284
96,5,7:57:21 PM,12:41:27 AM,0.197294832
96,5,8:00:27 PM,1:08:40 AM,0.214044565
96,5,8:14:48 PM,2:26:39 AM,0.258229875
96,5,8:33:48 PM,12:43:28 AM,0.173374994
96,5,9:56:36 PM,1:50:55 AM,0.162711924
96,5,11:09:10 PM,2:10:20 AM,0.125814071
96,5,11:40:36 PM,5:39:46 AM,0.249416998
96,5,11:57:39 PM,7:14:50 AM,0.303600236
97,6,1:30:15 AM,4:24:57 AM,1.12131472
97,6,7:05:11 AM,9:50:49 AM,0.115016742
97,6,7:13:26 AM,10:53:12 AM,0.152613105
97,6,7:45:54 AM,10:50:01 AM,0.127866474
97,6,8:05:17 AM,3:21:39 PM,0.303037045
97,6,8:08:11 AM,12:13:42 PM,0.170497641
97,6,8:11:12 AM,8:53:34 AM,0.029428086
97,6,8:15:39 AM,10:58:51 AM,0.113331309
97,6,8:30:24 AM,12:02:44 PM,0.147452708
97,6,8:44:08 AM,12:24:42 PM,0.153169615
97,6,8:50:41 AM,2:55:25 PM,0.253288824
97,6,9:02:52 AM,10:24:53 PM,0.556958666
97,6,11:53:54 AM,7:27:35 PM,0.315059876
97,6,2:30:48 PM,2:52:06 AM,0.514790873
97,6,4:55:11 PM,10:43:57 PM,0.24219834
97,6,5:38:32 PM,7:31:53 AM,0.578718019
97,6,9:35:50 PM,2:29:35 AM,0.203983452
97,6,10:40:33 PM,2:12:17 PM,0.647029556
98,7,1:41:05 AM,4:09:08 AM,1.102811935
98,7,8:35:18 AM,11:22:19 AM,0.115973337
98,7,8:38:35 AM,8:53:54 AM,0.010637926
98,7,8:47:33 AM,10:42:13 AM,0.079624679
98,7,8:50:15 AM,2:41:09 PM,0.243674585
98,7,8:56:22 AM,9:35:38 AM,0.027273548
98,7,9:12:20 AM,12:01:01 AM,0.617141277
98,7,1:01:31 PM,4:33:23 PM,0.147127203
98,7,4:36:26 PM,7:09:34 PM,0.106349819
98,7,6:04:13 PM,7:13:59 AM,0.548451709
98,7,9:09:53 PM,2:24:59 AM,0.218824582
98,7,9:27:42 PM,6:46:56 AM,0.388348717
98,7,10:09:52 PM,3:24:24 AM,0.218430028
98,7,11:43:38 PM,6:26:52 AM,0.280025246
