Day,Weekday,CarNo,ExitTime,ReturnTime,Duration
1,1,5,6:02:40 AM,11:38:56 AM,0.233521222
1,1,1,6:05:07 AM,10:14:05 PM,0.672902524
1,1,16,6:08:12 AM,5:50:27 PM,0.487670457
1,1,14,6:27:41 AM,9:18:47 PM,0.618821518
1,1,13,6:35:46 AM,5:40:20 PM,0.461501438
1,1,6,7:01:45 AM,3:13:47 PM,0.34169486
1,1,7,7:10:47 AM,10:19:35 AM,0.131113252
1,1,12,7:11:10 AM,2:13:40 PM,0.293406322
1,1,18,7:25:09 AM,10:38:45 AM,0.134444307
1,1,3,7:26:39 AM,8:32:11 PM,0.545514155
1,1,19,7:28:46 AM,9:24:36 PM,0.580438397
1,1,11,7:34:53 AM,4:18:36 PM,0.363688581
1,1,4,7:49:21 AM,10:08:46 PM,0.596816436
1,1,10,7:50:26 AM,6:51:44 PM,0.459239225
1,1,17,7:52:48 AM,12:28:25 PM,0.191400931
1,1,8,7:58:24 AM,9:24:30 PM,0.559787895
1,1,2,8:15:50 AM,1:55:41 AM,0.736008672
1,1,9,8:25:34 AM,9:28:50 PM,0.543942822
1,1,20,8:30:06 AM,8:53:55 PM,0.51653107
1,1,15,8:45:19 AM,9:07:54 PM,0.515684866
2,2,7,6:03:11 AM,10:54:41 AM,0.202430917
2,2,14,6:07:20 AM,9:32:08 AM,0.142214056
2,2,19,6:12:24 AM,8:22:18 PM,0.590202227
2,2,9,6:17:17 AM,11:56:48 AM,0.235775679
2,2,8,6:23:43 AM,8:34:28 PM,0.590798455
2,2,1,6:24:59 AM,10:28:53 AM,0.169377027
2,2,4,6:38:12 AM,2:33:03 AM,0.829756523
2,2,13,6:45:23 AM,4:20:09 PM,0.399143528
2,2,16,6:57:04 AM,11:27:12 AM,0.187597819
2,2,12,7:00:24 AM,8:05:05 PM,0.544919408
2,2,17,7:07:10 AM,2:11:15 PM,0.294504316
2,2,10,7:10:59 AM,4:22:35 PM,0.383058052
2,2,5,7:35:38 AM,2:41:30 PM,0.295742698
2,2,15,8:05:30 AM,12:50:12 PM,0.19770757
2,2,11,8:10:38 AM,12:36:24 PM,0.184557735
2,2,6,8:17:00 AM,1:34:11 PM,0.220273723
2,2,18,8:17:15 AM,6:40:17 PM,0.43266492
2,2,20,8:35:11 AM,5:48:43 PM,0.38440022
2,2,3,8:45:16 AM,3:54:45 PM,0.298255152
2,2,2,8:49:13 AM,4:24:29 PM,0.316150587
3,3,14,6:00:04 AM,9:50:02 AM,0.159693123
3,3,20,6:03:25 AM,10:30:29 AM,0.185458701
3,3,2,6:06:33 AM,2:46:06 PM,0.36079084
3,3,8,6:58:12 AM,4:18:34 PM,0.389148782
3,3,5,6:58:13 AM,1:56:40 PM,0.290590239
3,3,19,7:01:20 AM,3:23:19 PM,0.348602167
3,3,15,7:02:07 AM,2:47:19 PM,0.323058532
3,3,7,7:02:35 AM,3:43:31 PM,0.361765171
3,3,1,7:12:23 AM,2:25:39 AM,0.80088598
3,3,6,7:35:21 AM,1:28:04 PM,0.244941548
3,3,18,7:46:46 AM,10:04:29 PM,0.595632574
3,3,3,7:48:24 AM,3:25:12 PM,0.317231043
3,3,17,7:49:54 AM,9:24:28 PM,0.565677836
3,3,4,7:52:22 AM,6:40:53 PM,0.450350363
3,3,10,8:11:35 AM,7:12:10 PM,0.458738443
3,3,9,8:40:10 AM,8:09:32 PM,0.478721934
3,3,13,8:47:07 AM,12:39:28 PM,0.161357012
3,3,12,8:48:29 AM,8:30:14 PM,0.487326062
3,3,11,8:49:23 AM,9:16:29 PM,0.518825801
3,3,16,8:52:58 AM,1:07:24 PM,0.176690039
4,4,6,6:09:49 AM,1:11:40 PM,0.292955724
4,4,14,6:17:31 AM,5:45:00 PM,0.477414888
4,4,19,6:22:23 AM,5:45:54 PM,0.474665905
4,4,15,6:26:48 AM,8:42:16 PM,0.594085217
4,4,8,6:29:36 AM,5:11:47 PM,0.445964371
4,4,9,6:57:24 AM,9:04:35 PM,0.588315118
4,4,5,7:12:51 AM,1:11:11 PM,0.248840129
4,4,17,7:14:42 AM,5:46:42 PM,0.438888887
4,4,10,7:17:11 AM,10:23:16 AM,0.129231111
4,4,11,7:30:07 AM,12:11:07 PM,0.195134301
4,4,20,7:43:30 AM,6:40:50 PM,0.456487731
4,4,7,7:45:24 AM,3:12:33 PM,0.310527471
4,4,2,7:50:58 AM,4:19:44 PM,0.353308033
4,4,13,7:57:53 AM,3:19:12 PM,0.3064667
4,4,4,8:01:09 AM,11:47:01 AM,0.156847609
4,4,1,8:03:13 AM,6:46:21 AM,0.946622123
4,4,12,8:09:24 AM,8:22:29 PM,0.509085098
4,4,3,8:12:42 AM,3:48:59 PM,0.316860622
4,4,18,8:49:19 AM,1:26:50 PM,0.192728472
4,4,16,8:50:16 AM,12:58:55 PM,0.172665725
5,5,18,6:00:15 AM,11:26:54 AM,0.226846075
5,5,20,6:02:35 AM,12:49:55 PM,0.282863722
5,5,11,6:04:05 AM,12:03:43 PM,0.249748383
5,5,6,6:12:21 AM,5:11:03 PM,0.457431324
5,5,17,6:12:26 AM,11:07:36 AM,0.204973721
5,5,1,6:14:56 AM,5:29:41 PM,0.468575713
5,5,2,6:20:12 AM,2:17:49 AM,0.831677543
5,5,7,6:33:42 AM,3:46:15 PM,0.383708753
5,5,13,6:35:34 AM,1:46:16 PM,0.299093536
5,5,15,6:36:27 AM,11:34:49 AM,0.207194102
5,5,14,6:48:37 AM,9:36:38 PM,0.616677448
5,5,4,7:05:54 AM,1:54:47 PM,0.283955657
5,5,16,7:14:12 AM,8:07:47 PM,0.537211089
5,5,3,7:15:07 AM,8:09:14 PM,0.537579904
5,5,12,7:22:35 AM,1:48:33 PM,0.268032385
5,5,10,7:50:31 AM,8:25:12 PM,0.524086982
5,5,19,7:52:36 AM,4:51:23 PM,0.374155005
5,5,5,8:15:48 AM,1:37:09 AM,0.723157717
5,5,8,8:26:23 AM,1:12:30 PM,0.198687201
5,5,9,8:55:52 AM,12:34:16 PM,0.151674408
6,6,6,8:11:00 AM,4:26:09 PM,0.343851171
6,6,15,8:12:05 AM,8:41:33 PM,0.520460456
6,6,17,8:16:38 AM,12:30:46 PM,0.176478836
6,6,13,8:21:56 AM,7:45:47 PM,0.474888175
6,6,8,8:33:31 AM,8:44:12 PM,0.507418173
6,6,7,8:40:03 AM,3:10:37 PM,0.271219606
6,6,12,8:43:42 AM,2:55:02 PM,0.257871275
6,6,19,8:52:15 AM,5:53:20 PM,0.375748235
6,6,20,8:57:44 AM,4:48:53 PM,0.327192437
6,6,16,9:02:34 AM,1:24:58 PM,0.182217861
6,6,4,9:10:14 AM,2:20:18 AM,0.715322576
6,6,11,9:24:27 AM,2:40:16 PM,0.219322603
6,6,3,9:25:41 AM,1:35:12 AM,0.673275317
6,6,5,9:27:49 AM,6:33:51 AM,0.879191184
6,6,9,9:43:41 AM,3:00:52 PM,0.220259869
6,6,10,10:01:38 AM,11:16:46 PM,0.552179587
6,6,14,10:37:55 AM,7:30:44 PM,0.370015028
6,6,18,10:45:51 AM,2:37:06 PM,0.160590604
6,6,2,10:49:15 AM,5:43:45 PM,0.287846943
6,6,1,10:59:19 AM,4:24:25 PM,0.225773188
7,7,6,8:10:07 AM,6:32:45 PM,0.432377624
7,7,4,8:16:39 AM,7:52:52 PM,0.483482288
7,7,11,8:20:00 AM,7:44:56 PM,0.475647325
7,7,8,8:25:45 AM,3:08:07 PM,0.279418107
7,7,9,8:45:18 AM,5:46:27 PM,0.375798418
7,7,20,8:55:07 AM,7:15:13 PM,0.430618234
7,7,19,9:00:17 AM,3:59:58 PM,0.291445931
7,7,17,9:05:16 AM,11:13:37 PM,0.589132471
7,7,14,9:17:12 AM,10:14:25 PM,0.53972663
7,7,12,9:20:46 AM,6:28:53 PM,0.380640657
7,7,16,9:32:04 AM,5:51:01 PM,0.346494916
7,7,18,9:39:27 AM,4:03:20 PM,0.266580545
7,7,13,10:04:19 AM,9:02:41 PM,0.457202093
7,7,2,10:17:07 AM,8:09:15 AM,0.911203684
7,7,3,10:36:58 AM,1:54:27 AM,0.637145105
7,7,7,10:41:00 AM,6:15:14 PM,0.315441164
7,7,15,10:44:39 AM,6:55:13 PM,0.340677199
7,7,10,10:46:21 AM,9:58:54 PM,0.467052746
7,7,1,10:51:25 AM,3:10:23 AM,0.679846309
7,7,5,10:52:13 AM,3:33:04 PM,0.195032439
8,1,12,6:07:57 AM,8:38:53 PM,0.604813705
8,1,19,6:15:21 AM,9:13:35 PM,0.623763756
8,1,1,6:16:05 AM,6:57:07 PM,0.528493038
8,1,11,6:16:07 AM,4:10:34 PM,0.412813149
8,1,20,6:24:24 AM,7:08:53 PM,0.530882431
8,1,4,6:25:53 AM,3:01:39 PM,0.358175357
8,1,7,6:26:25 AM,8:01:40 PM,0.566146206
8,1,13,6:32:52 AM,6:11:39 PM,0.485269478
8,1,10,7:07:46 AM,3:13:47 PM,0.33751758
8,1,8,7:18:58 AM,11:46:58 AM,0.186111779
8,1,9,7:22:05 AM,4:28:50 PM,0.379695558
8,1,15,7:22:38 AM,1:56:49 PM,0.273738713
8,1,16,7:37:55 AM,5:32:28 PM,0.412888622
8,1,2,7:41:21 AM,6:33:49 AM,0.953100209
8,1,6,7:48:40 AM,12:42:13 PM,0.203855937
8,1,17,7:57:28 AM,8:31:27 PM,0.523599955
8,1,3,8:01:00 AM,5:21:01 PM,0.388896627
8,1,18,8:01:43 AM,5:09:19 PM,0.380283062
8,1,5,8:05:13 AM,2:23:49 AM,0.762914115
8,1,14,8:45:45 AM,4:54:26 PM,0.33936268
9,2,5,6:03:39 AM,12:16:22 AM,0.758840863
9,2,8,6:25:03 AM,7:02:40 PM,0.526124131
9,2,1,6:27:00 AM,6:12:08 PM,0.489669677
9,2,13,6:46:52 AM,3:36:13 PM,0.367593473
9,2,10,6:56:58 AM,7:54:10 PM,0.539731426
9,2,14,7:04:56 AM,12:01:06 PM,0.205672238
9,2,12,7:08:57 AM,4:22:00 PM,0.384063582
9,2,7,7:24:32 AM,6:03:27 PM,0.443690597
9,2,16,7:28:05 AM,2:51:57 PM,0.308242516
9,2,2,7:34:27 AM,11:47:59 AM,0.17607324
9,2,20,7:40:02 AM,8:15:52 PM,0.524886463
9,2,9,7:51:17 AM,5:02:50 PM,0.383015493
9,2,4,8:08:30 AM,10:47:47 PM,0.610613819
9,2,19,8:28:43 AM,3:59:59 PM,0.313378959
9,2,17,8:31:35 AM,4:39:48 PM,0.339037489
9,2,15,8:32:20 AM,3:09:51 PM,0.276059011
9,2,6,8:49:20 AM,9:21:22 PM,0.522249545
9,2,11,8:49:57 AM,11:00:46 PM,0.590844217
9,2,18,8:51:24 AM,1:13:06 PM,0.181746022
9,2,3,8:53:46 AM,10:18:34 PM,0.558894477
10,3,11,6:04:58 AM,6:01:39 PM,0.497693675
10,3,17,6:21:55 AM,6:08:01 PM,0.490339378
10,3,5,6:25:55 AM,3:50:23 AM,0.891996362
10,3,15,6:32:03 AM,2:56:35 PM,0.35036434
10,3,14,6:34:03 AM,1:41:38 PM,0.296937145
10,3,9,6:38:22 AM,7:12:09 PM,0.523459507
10,3,7,7:00:46 AM,3:20:13 PM,0.346844947
10,3,12,7:03:24 AM,10:59:49 AM,0.164176749
10,3,16,7:05:44 AM,12:53:10 PM,0.2412764
10,3,2,7:14:25 AM,3:49:05 AM,0.857404958
10,3,6,7:28:23 AM,5:55:49 PM,0.435713905
10,3,3,7:29:21 AM,2:10:53 AM,0.778836208
10,3,1,7:34:55 AM,10:47:44 AM,0.13390069
10,3,10,7:47:37 AM,11:03:01 AM,0.135700759
10,3,18,7:54:26 AM,8:27:52 PM,0.523219089
10,3,13,8:13:30 AM,7:51:43 PM,0.484878572
10,3,19,8:23:16 AM,4:47:59 PM,0.350494914
10,3,8,8:28:05 AM,3:31:50 PM,0.294280912
10,3,4,8:34:28 AM,4:40:54 PM,0.337804621
10,3,20,8:58:35 AM,6:02:48 PM,0.377920902
11,4,14,6:09:41 AM,9:02:45 PM,0.620176674
11,4,8,6:18:05 AM,6:45:26 PM,0.518999371
11,4,15,6:33:29 AM,7:30:09 PM,0.539348098
11,4,10,6:41:11 AM,11:04:11 AM,0.182645234
11,4,16,6:46:07 AM,10:54:17 AM,0.172328667
11,4,12,6:49:54 AM,4:09:27 PM,0.388575476
11,4,5,6:53:16 AM,11:55:11 AM,0.209669003
11,4,4,7:03:22 AM,3:09:24 AM,0.837523066
11,4,6,7:09:27 AM,8:54:48 PM,0.573162032
11,4,3,7:27:47 AM,6:06:52 AM,0.943801512
11,4,1,7:36:57 AM,4:07:35 AM,0.854603855
11,4,9,7:46:21 AM,4:18:27 PM,0.355621982
11,4,2,7:50:24 AM,6:47:32 PM,0.456341051
11,4,20,7:57:03 AM,10:41:48 PM,0.614412162
11,4,7,7:59:31 AM,1:26:45 PM,0.22724172
11,4,11,8:06:41 AM,2:38:05 PM,0.271797824
11,4,19,8:12:31 AM,7:32:37 PM,0.472288893
11,4,17,8:38:43 AM,6:27:12 PM,0.408671081
11,4,13,8:39:27 AM,3:41:50 PM,0.29331944
11,4,18,8:49:14 AM,7:48:13 PM,0.457631311
12,5,7,6:04:46 AM,4:08:03 PM,0.41893862
12,5,15,6:05:23 AM,3:54:00 PM,0.408757034
12,5,17,6:07:05 AM,12:05:33 PM,0.248931156
12,5,20,6:15:25 AM,12:00:35 PM,0.239696817
12,5,13,6:26:07 AM,4:25:13 PM,0.416042547
12,5,10,6:46:01 AM,10:35:29 AM,0.159351327
12,5,19,6:46:14 AM,9:09:37 PM,0.599571217
12,5,2,6:52:23 AM,1:30:24 PM,0.276397499
12,5,9,7:03:24 AM,7:28:57 PM,0.517743297
12,5,3,7:07:24 AM,10:54:37 PM,0.657792081
12,5,12,7:19:56 AM,3:43:17 PM,0.349546724
12,5,6,7:27:25 AM,2:49:14 PM,0.306818591
12,5,4,7:29:39 AM,12:41:12 AM,0.716347903
12,5,8,7:35:39 AM,5:59:32 PM,0.433257005
12,5,1,7:36:22 AM,5:29:34 AM,0.91194414
12,5,14,7:44:02 AM,6:33:56 PM,0.451325575
12,5,18,8:04:13 AM,4:03:27 PM,0.332801084
12,5,16,8:14:01 AM,10:45:19 PM,0.605076965
12,5,11,8:42:57 AM,11:08:38 PM,0.601163693
12,5,5,8:43:49 AM,12:41:38 PM,0.165149158
13,6,1,8:14:13 AM,1:21:56 PM,0.213689879
13,6,2,8:15:40 AM,11:46:32 AM,0.146438953
13,6,9,8:21:03 AM,2:53:11 PM,0.272315518
13,6,17,8:27:28 AM,12:02:24 PM,0.14926291
13,6,7,8:56:04 AM,1:27:04 PM,0.188196394
13,6,8,8:59:45 AM,2:43:55 PM,0.2390099
13,6,6,9:07:41 AM,3:16:34 PM,0.256166467
13,6,19,9:25:39 AM,3:16:25 PM,0.243577809
13,6,5,9:26:54 AM,8:15:07 AM,0.950148244
13,6,12,9:41:31 AM,11:38:53 PM,0.581506842
13,6,20,9:55:33 AM,10:16:23 PM,0.51447039
13,6,3,9:58:16 AM,9:28:43 PM,0.479484922
13,6,14,10:04:21 AM,3:22:09 PM,0.220692698
13,6,11,10:11:00 AM,9:41:29 PM,0.479502812
13,6,15,10:20:53 AM,12:57:24 AM,0.608686215
13,6,13,10:26:41 AM,8:37:08 PM,0.423924988
13,6,16,10:27:24 AM,5:55:27 PM,0.311150625
13,6,18,10:39:41 AM,10:45:53 PM,0.504305138
13,6,4,10:41:40 AM,2:00:21 PM,0.137969422
13,6,10,10:53:27 AM,5:58:09 PM,0.294932534
14,7,15,8:15:41 AM,9:29:12 PM,0.551051717
14,7,1,8:23:29 AM,6:28:45 AM,0.920320466
14,7,10,8:46:31 AM,4:53:35 PM,0.338235098
14,7,7,8:58:48 AM,1:11:31 PM,0.175495058
14,7,12,9:08:24 AM,12:53:44 PM,0.156485042
14,7,5,9:12:31 AM,6:27:37 AM,0.885494556
14,7,3,9:16:48 AM,12:35:43 PM,0.138134047
14,7,2,9:21:02 AM,1:42:24 PM,0.181502159
14,7,20,9:26:07 AM,1:42:31 PM,0.178060986
14,7,13,9:27:41 AM,9:03:36 PM,0.483274222
14,7,11,9:37:17 AM,5:30:20 PM,0.328498044
14,7,16,9:44:50 AM,7:12:23 PM,0.394140258
14,7,9,9:48:06 AM,7:59:05 PM,0.42429325
14,7,19,9:53:17 AM,9:01:56 PM,0.46434615
14,7,18,9:53:52 AM,1:07:37 PM,0.13454726
14,7,4,9:59:16 AM,12:39:55 AM,0.611552354
14,7,14,10:16:03 AM,3:09:27 PM,0.203745679
14,7,8,10:54:07 AM,12:57:50 AM,0.585925114
14,7,17,10:54:23 AM,2:42:07 PM,0.158153894
14,7,6,10:56:02 AM,4:58:26 PM,0.251660812
15,1,16,6:04:15 AM,8:26:10 PM,0.598556513
15,1,14,6:07:09 AM,5:02:51 PM,0.45534275
15,1,2,6:15:21 AM,1:52:25 AM,0.817406722
15,1,10,6:17:38 AM,11:55:59 AM,0.23496783
15,1,20,6:28:57 AM,9:28:06 PM,0.624402677
15,1,11,6:32:42 AM,1:14:29 PM,0.279006269
15,1,17,6:37:04 AM,1:45:02 PM,0.297200197
15,1,13,6:46:25 AM,11:43:04 AM,0.206005925
15,1,12,6:56:56 AM,12:27:08 PM,0.229309056
15,1,4,7:01:39 AM,3:22:51 PM,0.3480497
15,1,15,7:07:07 AM,9:12:33 PM,0.58710927
15,1,18,7:25:37 AM,7:22:09 PM,0.497590529
15,1,5,7:35:31 AM,8:30:46 PM,0.538361268
15,1,9,7:59:48 AM,11:04:49 AM,0.128486923
15,1,8,8:01:56 AM,5:15:13 PM,0.384225422
15,1,6,8:08:19 AM,10:18:59 PM,0.590738673
15,1,7,8:09:11 AM,11:27:09 AM,0.137469147
15,1,3,8:20:51 AM,9:28:24 PM,0.546909612
15,1,19,8:33:42 AM,12:23:18 PM,0.159443855
15,1,1,8:39:08 AM,9:16:30 PM,0.525950337
16,2,10,6:16:59 AM,3:23:53 PM,0.37978979
16,2,9,6:31:01 AM,8:48:01 PM,0.595142593
16,2,15,6:43:41 AM,11:56:08 AM,0.216979541
16,2,17,6:50:08 AM,9:59:09 AM,0.131260545
16,2,14,6:59:57 AM,10:49:03 AM,0.159101538
16,2,4,7:13:45 AM,8:22:10 PM,0.547508002
16,2,20,7:15:14 AM,10:09:54 PM,0.621291097
16,2,5,7:21:42 AM,6:12:53 PM,0.452205435
16,2,6,7:38:56 AM,10:49:04 AM,0.13203549
16,2,18,7:46:02 AM,6:10:25 PM,0.433600611
16,2,3,7:56:47 AM,10:58:28 AM,0.126172261
16,2,2,7:57:58 AM,12:54:20 AM,0.705800391
16,2,12,8:01:55 AM,4:51:09 PM,0.367526263
16,2,8,8:05:40 AM,9:02:07 PM,0.539202184
16,2,11,8:07:43 AM,11:41:33 AM,0.148501267
16,2,13,8:32:47 AM,11:12:02 PM,0.610594109
16,2,16,8:35:11 AM,1:35:01 PM,0.20821694
16,2,7,8:36:38 AM,7:09:27 PM,0.439455605
16,2,19,8:45:28 AM,9:13:15 PM,0.519291434
16,2,1,8:47:48 AM,1:24:59 AM,0.692493276
17,3,9,6:24:11 AM,5:05:56 PM,0.445661046
17,3,13,6:53:29 AM,1:12:58 PM,0.263533534
17,3,14,6:54:05 AM,12:08:18 PM,0.218203537
17,3,17,7:07:09 AM,8:15:51 PM,0.547709205
17,3,5,7:19:03 AM,7:16:20 PM,0.498116848
17,3,8,7:25:09 AM,12:33:25 PM,0.2140766
17,3,4,7:28:26 AM,3:59:07 PM,0.354638016
17,3,6,7:30:25 AM,5:45:53 PM,0.427408416
17,3,19,7:40:33 AM,7:37:35 PM,0.497945161
17,3,18,7:58:20 AM,7:05:07 PM,0.463044233
17,3,3,8:01:28 AM,6:56:11 PM,0.454663435
17,3,12,8:07:04 AM,2:15:49 PM,0.256085144
17,3,16,8:12:24 AM,8:41:55 PM,0.520497298
17,3,20,8:14:18 AM,3:58:31 PM,0.32237829
17,3,10,8:26:49 AM,11:48:27 AM,0.140026043
17,3,2,8:30:42 AM,12:25:16 PM,0.162888663
17,3,7,8:32:51 AM,3:04:00 PM,0.271633951
17,3,11,8:34:45 AM,7:28:36 PM,0.454060766
17,3,1,8:39:27 AM,5:07:55 AM,0.853103369
17,3,15,8:44:17 AM,12:00:49 PM,0.136485308
18,4,2,6:07:16 AM,9:24:18 AM,0.13682402
18,4,7,6:11:32 AM,11:48:52 AM,0.234248906
18,4,3,6:13:34 AM,12:19:54 AM,0.754400699
18,4,5,6:17:40 AM,12:28:13 PM,0.257317464
18,4,15,6:34:35 AM,2:20:48 PM,0.323769874
18,4,4,6:36:33 AM,7:24:49 PM,0.533520483
18,4,6,6:37:00 AM,3:46:34 PM,0.381641026
18,4,8,6:41:31 AM,3:58:05 PM,0.386501932
18,4,20,6:44:41 AM,11:12:54 AM,0.186270417
18,4,9,7:16:33 AM,2:20:19 PM,0.294275024
18,4,11,7:31:14 AM,10:43:45 AM,0.133690449
18,4,17,7:36:22 AM,12:51:29 PM,0.218833928
18,4,1,7:43:27 AM,7:42:34 PM,0.499388918
18,4,18,7:44:54 AM,3:30:29 PM,0.32332236
18,4,10,8:24:38 AM,9:24:12 PM,0.541366408
18,4,19,8:26:54 AM,12:02:42 PM,0.149864174
18,4,14,8:27:58 AM,12:09:32 PM,0.153863692
18,4,16,8:34:56 AM,10:35:19 PM,0.583604134
18,4,12,8:39:22 AM,1:06:15 PM,0.185334968
18,4,13,8:42:30 AM,6:12:07 PM,0.395568895
19,5,2,6:02:13 AM,2:25:51 PM,0.34975059
19,5,3,6:08:59 AM,3:21:06 AM,0.883406666
19,5,18,6:09:34 AM,1:05:42 PM,0.288979795
19,5,13,6:26:41 AM,6:57:29 PM,0.521395898
19,5,6,6:34:47 AM,12:32:40 PM,0.248532839
19,5,17,6:37:14 AM,11:11:12 AM,0.190257292
19,5,4,6:38:45 AM,9:47:05 PM,0.630780799
19,5,20,6:48:46 AM,8:16:56 PM,0.561224415
19,5,15,7:34:24 AM,2:11:58 PM,0.276089368
19,5,19,7:38:48 AM,12:54:42 PM,0.219372718
19,5,8,7:51:12 AM,12:26:34 PM,0.191233178
19,5,11,8:01:39 AM,11:14:04 AM,0.133623503
19,5,5,8:03:56 AM,5:52:20 PM,0.408611794
19,5,1,8:17:02 AM,8:58:35 PM,0.528857407
19,5,10,8:27:54 AM,9:26:40 PM,0.540813726
19,5,16,8:34:51 AM,10:14:36 PM,0.569270414
19,5,7,8:35:23 AM,3:31:23 PM,0.288895862
19,5,12,8:38:59 AM,4:02:27 PM,0.30796882
19,5,9,8:39:06 AM,2:26:14 PM,0.241062025
19,5,14,8:39:26 AM,10:18:21 PM,0.568688472
20,6,7,8:01:09 AM,6:08:03 PM,0.421461836
20,6,8,8:12:12 AM,5:12:24 PM,0.375144251
20,6,12,8:12:43 AM,12:51:10 PM,0.193357854
20,6,11,8:18:21 AM,1:17:15 PM,0.207564687
20,6,19,8:23:14 AM,4:06:31 PM,0.321715574
20,6,2,8:27:26 AM,9:02:45 PM,0.524516537
20,6,17,8:32:01 AM,8:10:08 PM,0.484799905
20,6,15,8:38:08 AM,8:56:03 PM,0.512436787
20,6,10,8:40:22 AM,7:21:16 PM,0.445061531
20,6,18,8:49:46 AM,4:50:00 PM,0.333504135
20,6,14,9:07:09 AM,9:41:02 PM,0.523527055
20,6,9,9:21:13 AM,12:00:20 AM,0.610492571
20,6,16,9:43:23 AM,4:44:23 PM,0.292359745
20,6,4,9:45:38 AM,9:19:55 PM,0.482140123
20,6,5,9:50:18 AM,5:17:38 PM,0.310655048
20,6,20,10:09:44 AM,1:00:50 AM,0.618815367
20,6,1,10:23:09 AM,7:57:56 AM,0.899159178
20,6,6,10:35:35 AM,6:29:12 PM,0.328909784
20,6,13,10:44:49 AM,4:43:05 PM,0.248791592
20,6,3,10:46:54 AM,2:52:33 PM,0.170582878
21,7,5,8:03:27 AM,11:32:34 AM,0.145218478
21,7,13,8:14:22 AM,11:57:15 AM,0.154782475
21,7,10,8:17:06 AM,11:23:53 AM,0.129712294
21,7,11,8:20:23 AM,2:19:17 PM,0.249234097
21,7,7,8:21:43 AM,9:03:17 PM,0.528873153
21,7,19,8:25:56 AM,2:02:06 PM,0.23344714
21,7,20,8:29:09 AM,12:42:18 PM,0.175800151
21,7,4,9:04:20 AM,4:18:58 AM,0.801829715
21,7,9,9:15:05 AM,9:32:53 PM,0.512369763
21,7,16,9:18:15 AM,12:40:43 PM,0.140596298
21,7,1,9:39:01 AM,2:33:17 PM,0.204351146
21,7,15,9:49:02 AM,11:59:26 PM,0.590553109
21,7,8,10:00:27 AM,8:36:22 PM,0.441615684
21,7,2,10:06:36 AM,8:33:19 PM,0.435214806
21,7,6,10:17:55 AM,12:07:24 AM,0.576027729
21,7,12,10:19:42 AM,7:11:44 PM,0.369466009
21,7,14,10:26:15 AM,10:26:03 PM,0.499860604
21,7,18,10:34:05 AM,4:28:24 PM,0.24605194
21,7,3,10:58:40 AM,5:42:40 PM,0.280551373
21,7,17,10:58:52 AM,5:08:30 PM,0.256697614
22,1,10,6:07:32 AM,4:57:51 PM,0.451607837
22,1,9,6:13:22 AM,7:46:46 PM,0.564864649
22,1,19,6:15:45 AM,7:02:11 PM,0.532252799
22,1,17,6:16:32 AM,12:53:49 PM,0.275894399
22,1,4,6:17:13 AM,1:50:51 AM,0.815023485
22,1,5,6:28:41 AM,11:33:23 AM,0.211606306
22,1,11,6:44:26 AM,11:46:06 AM,0.209492709
22,1,12,6:51:32 AM,3:22:22 PM,0.354743906
22,1,18,7:08:11 AM,10:10:17 AM,0.126454555
22,1,8,7:11:32 AM,6:31:18 PM,0.472057831
22,1,1,7:27:07 AM,12:10:44 AM,0.696961994
22,1,13,7:27:38 AM,1:12:09 PM,0.239254494
22,1,20,7:41:57 AM,8:31:31 PM,0.534414814
22,1,2,7:47:55 AM,5:00:57 AM,0.884043286
22,1,14,7:51:37 AM,5:38:09 PM,0.40731839
22,1,3,7:57:05 AM,1:06:34 AM,0.714917474
22,1,7,8:07:02 AM,5:22:14 PM,0.38555704
22,1,16,8:22:37 AM,6:21:22 PM,0.415806281
22,1,6,8:31:09 AM,1:12:31 PM,0.195394842
22,1,15,8:43:10 AM,1:29:17 PM,0.198692038
23,2,16,6:02:38 AM,4:36:29 PM,0.440163985
23,2,8,6:23:43 AM,9:20:15 PM,0.62259554
23,2,15,6:27:36 AM,8:50:53 PM,0.599507098
23,2,3,6:48:17 AM,3:06:02 PM,0.345662208
23,2,14,7:15:54 AM,2:07:06 PM,0.285554295
23,2,1,7:17:12 AM,12:13:37 PM,0.205842459
23,2,18,7:26:19 AM,12:41:06 PM,0.218604367
23,2,7,7:39:16 AM,2:41:54 PM,0.293495816
23,2,10,7:41:04 AM,6:28:30 PM,0.449601296
23,2,20,7:41:36 AM,7:56:22 PM,0.510249582
23,2,19,7:52:32 AM,1:16:01 PM,0.224637586
23,2,6,7:53:00 AM,7:42:29 PM,0.492692481
23,2,4,8:07:11 AM,6:24:48 PM,0.428896369
23,2,12,8:12:44 AM,6:09:56 PM,0.414725132
23,2,17,8:16:30 AM,6:53:30 PM,0.442367612
23,2,2,8:21:07 AM,11:16:12 PM,0.621588356
23,2,13,8:27:08 AM,3:02:02 PM,0.274235371
23,2,11,8:36:44 AM,4:23:50 PM,0.324377836
23,2,9,8:42:53 AM,7:27:55 PM,0.447939764
23,2,5,8:53:29 AM,2:04:11 AM,0.715767996
24,3,2,6:04:30 AM,3:07:36 PM,0.377147662
24,3,17,6:18:35 AM,11:55:24 AM,0.233907633
24,3,13,6:26:21 AM,6:34:36 PM,0.505729806
24,3,12,6:26:49 AM,6:16:01 PM,0.492495718
24,3,18,6:29:35 AM,2:03:00 PM,0.314869491
24,3,16,6:42:09 AM,5:55:47 PM,0.467804106
24,3,11,6:46:36 AM,1:07:49 PM,0.264740667
24,3,14,7:00:52 AM,7:49:24 PM,0.533694738
24,3,5,7:04:04 AM,7:46:27 PM,0.529439003
24,3,1,7:07:59 AM,1:11:10 AM,0.752204209
24,3,20,7:23:51 AM,8:48:56 PM,0.559090029
24,3,15,7:33:44 AM,5:19:23 PM,0.406705186
24,3,9,7:33:47 AM,4:36:23 PM,0.376811226
24,3,3,7:50:46 AM,11:14:59 AM,0.141809238
24,3,10,7:58:07 AM,9:01:15 PM,0.543845128
24,3,7,8:07:50 AM,2:21:53 PM,0.259759781
24,3,8,8:09:25 AM,9:45:00 PM,0.566379133
24,3,19,8:13:24 AM,3:49:01 PM,0.316391133
24,3,4,8:20:46 AM,10:52:03 PM,0.605050504
24,3,6,8:58:04 AM,7:07:33 PM,0.423248741
25,4,5,6:14:10 AM,4:32:38 PM,0.429486389
25,4,1,6:15:19 AM,10:11:05 AM,0.163735821
25,4,6,6:33:34 AM,8:54:51 PM,0.598118218
25,4,15,6:38:45 AM,9:15:25 PM,0.608796477
25,4,7,6:49:34 AM,4:16:21 PM,0.39359785
25,4,19,6:57:13 AM,2:34:16 PM,0.317390995
25,4,12,7:04:12 AM,7:53:16 PM,0.534068496
25,4,4,7:20:25 AM,3:44:59 PM,0.350398248
25,4,16,7:46:01 AM,11:11:20 AM,0.142584011
25,4,18,7:48:27 AM,9:26:54 PM,0.568363568
25,4,11,7:58:01 AM,12:52:50 PM,0.204725207
25,4,8,8:01:51 AM,12:09:40 PM,0.172094284
25,4,20,8:07:28 AM,3:26:37 PM,0.304971132
25,4,17,8:09:08 AM,9:34:06 PM,0.559004601
25,4,14,8:13:49 AM,2:19:38 PM,0.254037306
25,4,3,8:19:05 AM,8:14:44 PM,0.49697713
25,4,9,8:32:55 AM,8:16:13 PM,0.488397846
25,4,10,8:36:49 AM,1:32:07 PM,0.205076958
25,4,13,8:41:48 AM,9:54:38 PM,0.550575947
25,4,2,8:42:01 AM,6:41:09 PM,0.416062533
26,5,7,6:01:53 AM,8:59:31 PM,0.623354571
26,5,16,6:13:29 AM,1:58:12 PM,0.322713537
26,5,17,6:22:01 AM,7:08:54 PM,0.532552948
26,5,3,6:33:33 AM,8:06:48 PM,0.564759465
26,5,13,6:34:21 AM,12:08:58 PM,0.232371282
26,5,9,6:42:56 AM,12:23:41 PM,0.236635408
26,5,14,6:50:09 AM,5:00:49 PM,0.424084351
26,5,12,6:54:26 AM,5:07:43 PM,0.425895084
26,5,5,6:56:27 AM,4:53:10 AM,0.914379221
26,5,6,7:22:00 AM,7:48:11 PM,0.518183686
26,5,19,7:33:12 AM,1:21:18 PM,0.241739859
26,5,1,8:07:37 AM,2:34:16 PM,0.268516266
26,5,10,8:08:56 AM,11:43:18 AM,0.148866766
26,5,20,8:10:07 AM,2:38:16 PM,0.269553348
26,5,4,8:17:20 AM,4:18:11 PM,0.333926983
26,5,18,8:23:40 AM,11:05:54 PM,0.612661373
26,5,2,8:34:53 AM,12:00:47 PM,0.142995391
26,5,11,8:38:41 AM,4:00:20 PM,0.306703239
26,5,8,8:46:02 AM,1:49:18 PM,0.210603994
26,5,15,8:56:57 AM,5:46:03 PM,0.367425042
27,6,2,8:01:01 AM,5:51:07 AM,0.90978506
27,6,8,8:04:23 AM,1:23:28 PM,0.221590121
27,6,5,8:08:05 AM,6:51:23 PM,0.446739635
27,6,11,8:17:17 AM,12:07:32 PM,0.159890335
27,6,16,8:25:44 AM,9:51:16 PM,0.559402289
27,6,17,8:26:38 AM,4:34:22 PM,0.338701929
27,6,3,8:38:40 AM,2:56:13 AM,0.762188297
27,6,1,8:43:39 AM,3:40:51 AM,0.789720853
27,6,14,8:50:25 AM,2:24:15 PM,0.23183399
27,6,19,8:58:03 AM,1:17:27 PM,0.180136479
27,6,4,9:06:10 AM,12:00:07 AM,0.620800664
27,6,10,9:25:56 AM,12:55:36 PM,0.145605709
27,6,18,9:34:41 AM,5:00:31 PM,0.309610101
27,6,12,9:35:17 AM,4:23:22 PM,0.283394625
27,6,7,9:39:02 AM,12:22:42 AM,0.613656209
27,6,20,9:48:09 AM,4:34:04 PM,0.281884794
27,6,15,9:59:28 AM,8:02:25 PM,0.418722971
27,6,6,10:12:46 AM,6:51:51 PM,0.36047826
27,6,9,10:42:04 AM,10:05:00 PM,0.474263924
27,6,13,10:44:04 AM,1:43:40 AM,0.624721753
28,7,7,8:00:28 AM,2:41:50 PM,0.278731486
28,7,11,8:15:36 AM,6:48:44 PM,0.439670789
28,7,6,8:16:21 AM,9:34:33 PM,0.554305484
28,7,2,8:35:20 AM,6:31:42 PM,0.414141057
28,7,18,8:40:07 AM,5:18:52 PM,0.360238083
28,7,16,8:52:39 AM,1:32:10 PM,0.194102721
28,7,10,8:56:04 AM,5:02:57 PM,0.338123072
28,7,5,8:59:48 AM,7:57:34 AM,0.956787249
28,7,13,9:06:06 AM,6:00:39 PM,0.371214826
28,7,12,9:09:16 AM,1:52:01 PM,0.196361412
28,7,1,9:15:47 AM,3:42:46 PM,0.268733021
28,7,19,9:19:41 AM,5:38:37 PM,0.346491647
28,7,20,9:22:25 AM,3:28:04 PM,0.253915311
28,7,3,9:30:20 AM,9:14:54 PM,0.489283452
28,7,14,9:36:06 AM,6:56:22 PM,0.389066392
28,7,15,9:48:36 AM,9:34:20 PM,0.490091526
28,7,8,9:50:13 AM,7:54:09 PM,0.419399276
28,7,9,9:58:02 AM,5:25:53 PM,0.311008135
28,7,17,10:00:33 AM,8:14:38 PM,0.426450198
28,7,4,10:47:21 AM,8:21:27 PM,0.398679916
29,1,7,6:01:12 AM,7:15:24 PM,0.551523593
29,1,1,6:15:37 AM,12:27:30 PM,0.258247886
29,1,5,6:17:18 AM,8:43:36 PM,0.601596682
29,1,8,6:24:18 AM,2:52:52 PM,0.353168396
29,1,11,6:29:12 AM,11:53:03 AM,0.224896411
29,1,10,6:33:40 AM,6:53:00 PM,0.513423596
29,1,6,6:41:22 AM,7:43:18 PM,0.543013345
29,1,9,6:42:09 AM,8:11:39 PM,0.562160653
29,1,12,6:44:27 AM,2:49:21 PM,0.336741119
29,1,4,7:06:54 AM,10:32:24 AM,0.142702149
29,1,20,7:26:01 AM,10:29:04 AM,0.127120299
29,1,2,7:28:31 AM,3:45:57 PM,0.345445657
29,1,19,7:33:54 AM,9:19:04 PM,0.573030402
29,1,16,7:44:45 AM,12:28:52 PM,0.19729788
29,1,15,8:13:19 AM,1:45:18 PM,0.230544518
29,1,17,8:23:46 AM,8:05:08 PM,0.487066791
29,1,3,8:35:26 AM,2:28:01 PM,0.244842482
29,1,18,8:42:23 AM,5:51:27 PM,0.381297309
29,1,14,8:51:07 AM,6:40:02 PM,0.408971797
29,1,13,8:59:14 AM,9:31:55 PM,0.522694001
30,2,2,6:00:04 AM,11:03:25 AM,0.21066694
30,2,6,6:19:47 AM,12:46:45 PM,0.268726835
30,2,4,6:27:49 AM,2:16:47 PM,0.325674628
30,2,1,6:34:16 AM,11:04:10 PM,0.687431474
30,2,8,6:52:40 AM,1:00:30 PM,0.255433837
30,2,14,6:58:28 AM,3:12:37 PM,0.343161833
30,2,17,7:03:30 AM,3:11:53 PM,0.339157878
30,2,13,7:04:16 AM,8:24:06 PM,0.555433209
30,2,9,7:10:43 AM,5:54:37 PM,0.44714554
30,2,12,7:11:20 AM,3:40:43 PM,0.353733435
30,2,5,7:29:26 AM,12:46:42 AM,0.720315251
30,2,3,7:37:10 AM,12:52:02 AM,0.718651155
30,2,16,7:46:21 AM,12:22:16 PM,0.191610966
30,2,11,7:47:07 AM,9:51:19 PM,0.586246197
30,2,19,8:06:09 AM,7:02:05 PM,0.455503127
30,2,20,8:13:55 AM,4:37:04 PM,0.349409017
30,2,18,8:22:20 AM,5:07:24 PM,0.364633101
30,2,15,8:47:48 AM,4:02:56 PM,0.302172906
30,2,7,8:50:18 AM,11:34:04 PM,0.613728266
30,2,10,8:57:25 AM,9:11:27 PM,0.50974317
31,3,6,6:08:42 AM,1:07:52 PM,0.291089714
31,3,10,6:27:20 AM,1:03:00 PM,0.274769693
31,3,14,6:38:44 AM,5:04:18 PM,0.434419509
31,3,17,6:39:27 AM,11:44:13 AM,0.211650226
31,3,7,6:40:31 AM,4:07:03 PM,0.393432317
31,3,18,6:43:49 AM,5:39:45 PM,0.45550155
31,3,9,6:45:30 AM,6:52:43 PM,0.505008649
31,3,2,7:15:00 AM,9:05:43 PM,0.576889159
31,3,19,7:16:13 AM,7:09:37 PM,0.495411795
31,3,20,7:29:39 AM,1:04:01 PM,0.232197564
31,3,12,7:31:04 AM,6:56:31 PM,0.476003858
31,3,3,7:31:54 AM,9:05:54 PM,0.565277871
31,3,1,7:44:15 AM,7:46:28 PM,0.501538373
31,3,8,7:46:22 AM,3:32:50 PM,0.323940932
31,3,5,8:07:59 AM,1:37:45 PM,0.228996206
31,3,15,8:35:24 AM,5:40:58 PM,0.378859178
31,3,13,8:38:01 AM,2:43:37 PM,0.253892577
31,3,16,8:38:05 AM,8:10:14 PM,0.480653227
31,3,4,8:41:42 AM,1:16:43 AM,0.69098509
31,3,11,8:54:22 AM,1:15:01 PM,0.181006771
32,4,6,6:10:51 AM,8:07:31 PM,0.581012598
32,4,7,6:35:30 AM,3:50:43 PM,0.385570467
32,4,5,6:47:02 AM,12:10:49 PM,0.224849267
32,4,13,7:03:23 AM,7:05:50 PM,0.501698976
32,4,20,7:05:35 AM,8:08:11 PM,0.543475446
32,4,9,7:07:39 AM,11:01:33 AM,0.16243054
32,4,2,7:08:58 AM,9:30:54 PM,0.598565811
32,4,1,7:11:39 AM,10:13:16 AM,0.126130171
32,4,19,7:26:17 AM,9:10:17 PM,0.572228763
32,4,16,7:33:19 AM,4:13:30 PM,0.361238294
32,4,15,7:38:08 AM,1:40:21 PM,0.251535967
32,4,14,7:44:08 AM,8:40:06 PM,0.538857911
32,4,4,7:44:27 AM,2:34:23 PM,0.284673914
32,4,10,8:08:13 AM,6:35:29 PM,0.435601847
32,4,17,8:09:42 AM,2:06:37 PM,0.247862802
32,4,18,8:14:52 AM,9:59:43 PM,0.57280486
32,4,3,8:25:17 AM,2:53:26 PM,0.269549879
32,4,11,8:48:12 AM,6:01:33 PM,0.38427021
32,4,12,8:52:39 AM,3:23:23 PM,0.271346858
32,4,8,8:59:40 AM,6:47:43 PM,0.408361763
33,5,4,6:05:58 AM,4:51:59 AM,0.948628298
33,5,20,6:09:27 AM,2:41:43 PM,0.355746166
33,5,10,6:15:44 AM,2:35:18 PM,0.346919065
33,5,13,6:37:19 AM,2:13:29 PM,0.316787773
33,5,19,6:42:40 AM,12:43:54 PM,0.250857504
33,5,2,6:52:36 AM,11:41:20 AM,0.200509247
33,5,14,6:53:22 AM,1:12:21 PM,0.263176936
33,5,17,7:15:02 AM,9:33:55 PM,0.596443022
33,5,3,7:16:45 AM,9:56:04 PM,0.610633824
33,5,12,7:21:41 AM,3:55:27 PM,0.356780318
33,5,9,7:23:32 AM,6:51:57 PM,0.47806795
33,5,6,7:37:20 AM,7:16:38 PM,0.485622338
33,5,5,7:37:35 AM,1:04:40 AM,0.727133674
33,5,1,7:43:43 AM,6:08:57 AM,0.934190524
33,5,7,7:57:03 AM,12:26:45 PM,0.187297709
33,5,18,7:58:53 AM,3:17:42 PM,0.304736662
33,5,15,8:27:54 AM,10:11:30 PM,0.571938687
33,5,16,8:41:07 AM,10:59:13 PM,0.595906942
33,5,11,8:47:04 AM,8:15:45 PM,0.478243762
33,5,8,8:58:25 AM,3:59:02 PM,0.292100163
34,6,13,8:00:22 AM,10:20:32 PM,0.597335908
34,6,18,8:09:24 AM,6:34:12 PM,0.433887753
34,6,1,8:12:56 AM,8:34:11 PM,0.514762561
34,6,10,8:13:13 AM,12:57:27 PM,0.197377938
34,6,17,8:13:39 AM,12:05:47 PM,0.161196388
34,6,12,8:48:09 AM,5:58:21 PM,0.382074564
34,6,16,9:10:46 AM,10:55:08 PM,0.572478748
34,6,8,9:21:22 AM,4:08:29 PM,0.28271595
34,6,19,9:31:14 AM,10:43:36 PM,0.550249523
34,6,7,9:47:35 AM,3:54:04 PM,0.254497468
34,6,4,9:50:07 AM,4:11:22 PM,0.264762031
34,6,9,9:52:32 AM,3:00:19 PM,0.213738913
34,6,15,9:53:41 AM,12:28:03 AM,0.607198163
34,6,6,9:54:15 AM,4:20:07 PM,0.267969615
34,6,2,9:57:57 AM,12:27:19 AM,0.603730555
34,6,3,10:00:54 AM,4:36:22 AM,0.774633322
34,6,20,10:04:33 AM,6:02:53 PM,0.332183702
34,6,14,10:05:43 AM,9:29:45 PM,0.475025901
34,6,11,10:25:56 AM,7:59:56 PM,0.398611183
34,6,5,10:37:58 AM,8:05:18 AM,0.893979383
35,7,6,8:15:11 AM,9:47:19 PM,0.563980988
35,7,14,8:16:08 AM,11:21:48 AM,0.128937573
35,7,7,8:23:31 AM,8:05:27 PM,0.487456438
35,7,3,8:27:48 AM,6:03:09 AM,0.8995528
35,7,5,8:42:15 AM,4:57:37 AM,0.844004198
35,7,20,8:47:00 AM,4:16:15 PM,0.311977706
35,7,9,9:18:42 AM,5:09:12 PM,0.326732649
35,7,17,9:24:21 AM,12:04:29 AM,0.61121336
35,7,19,9:24:22 AM,1:53:26 PM,0.186857796
35,7,2,9:25:46 AM,2:25:12 PM,0.207930761
35,7,10,9:37:18 AM,3:29:37 PM,0.244671439
35,7,16,9:40:30 AM,4:08:43 PM,0.26959696
35,7,13,9:52:09 AM,2:37:48 PM,0.198369689
35,7,12,10:01:29 AM,8:11:09 PM,0.423380408
35,7,4,10:16:23 AM,8:51:12 AM,0.940841449
35,7,15,10:21:33 AM,6:08:10 PM,0.324031549
35,7,11,10:26:34 AM,3:32:28 PM,0.212425813
35,7,8,10:30:50 AM,3:25:13 PM,0.204431129
35,7,1,10:50:31 AM,2:13:18 AM,0.640822268
35,7,18,10:51:36 AM,6:30:49 PM,0.318903675
36,1,20,6:04:10 AM,6:51:20 PM,0.532753496
36,1,2,6:07:22 AM,11:20:32 AM,0.217483624
36,1,9,6:18:54 AM,5:42:14 PM,0.474536241
36,1,17,6:27:01 AM,3:18:51 PM,0.369331268
36,1,14,6:29:56 AM,3:09:42 PM,0.360947032
36,1,1,6:46:02 AM,1:09:03 AM,0.765988629
36,1,12,6:52:01 AM,6:51:34 PM,0.499690192
36,1,10,6:57:52 AM,1:37:14 PM,0.27733811
36,1,7,7:02:07 AM,11:26:56 AM,0.183905174
36,1,11,7:10:35 AM,2:55:12 PM,0.32264652
36,1,16,7:15:26 AM,10:19:03 AM,0.127508977
36,1,8,7:23:32 AM,4:20:53 PM,0.373164817
36,1,6,7:37:15 AM,10:03:02 PM,0.601239201
36,1,5,7:45:50 AM,6:52:58 PM,0.463287524
36,1,4,7:59:36 AM,12:45:51 AM,0.698785006
36,1,13,8:00:50 AM,3:43:49 PM,0.321515703
36,1,19,8:08:13 AM,11:21:55 AM,0.134516773
36,1,18,8:09:58 AM,8:30:24 PM,0.514193805
36,1,15,8:33:26 AM,3:20:08 PM,0.282431927
36,1,3,8:35:24 AM,10:36:04 PM,0.58379304
37,2,18,6:02:44 AM,3:50:25 PM,0.408114189
37,2,16,6:04:20 AM,6:03:27 PM,0.499386959
37,2,1,6:10:14 AM,9:30:01 AM,0.138736092
37,2,14,6:16:52 AM,10:07:08 AM,0.159906574
37,2,12,6:21:28 AM,5:18:23 PM,0.456195598
37,2,8,6:29:26 AM,8:21:54 PM,0.578099418
37,2,7,6:51:49 AM,9:37:57 PM,0.615375218
37,2,20,6:54:54 AM,10:27:25 AM,0.147586322
37,2,2,7:41:51 AM,10:54:35 PM,0.633844287
37,2,10,7:50:06 AM,10:39:51 PM,0.617878374
37,2,9,7:57:48 AM,11:12:05 AM,0.134923382
37,2,11,8:17:44 AM,10:04:38 PM,0.574233189
37,2,19,8:17:55 AM,7:29:51 PM,0.466620924
37,2,6,8:22:06 AM,11:32:55 AM,0.132513789
37,2,15,8:35:38 AM,2:52:07 PM,0.261439455
37,2,5,8:37:26 AM,12:57:16 AM,0.680442663
37,2,3,8:43:00 AM,9:00:40 PM,0.512276345
37,2,17,8:45:40 AM,10:26:14 PM,0.569838092
37,2,13,8:52:21 AM,7:38:07 PM,0.448454388
37,2,4,8:59:44 AM,11:52:07 PM,0.619711991
38,3,16,6:10:09 AM,3:52:24 PM,0.404333338
38,3,5,6:18:49 AM,5:46:45 PM,0.477732712
38,3,13,6:21:02 AM,2:14:43 PM,0.328949965
38,3,12,6:21:41 AM,7:59:06 PM,0.567650245
38,3,3,6:22:22 AM,8:58:53 PM,0.608693147
38,3,7,6:22:37 AM,10:13:18 AM,0.160189862
38,3,4,6:33:21 AM,11:09:31 AM,0.191780439
38,3,14,6:37:00 AM,12:50:25 PM,0.259315857
38,3,1,6:39:57 AM,9:03:55 PM,0.599974611
38,3,11,6:49:04 AM,10:40:31 AM,0.160726808
38,3,9,6:54:23 AM,12:50:10 PM,0.247081159
38,3,19,7:13:10 AM,9:31:03 PM,0.595750996
38,3,6,7:14:58 AM,4:05:52 PM,0.368677859
38,3,17,7:47:19 AM,2:09:07 PM,0.265137685
38,3,18,8:02:37 AM,5:53:39 PM,0.410435982
38,3,2,8:05:00 AM,1:17:05 PM,0.216729699
38,3,10,8:05:53 AM,10:37:20 PM,0.605183064
38,3,20,8:08:47 AM,3:18:50 PM,0.29865355
38,3,8,8:16:48 AM,12:58:15 PM,0.19545401
38,3,15,8:53:46 AM,2:33:32 PM,0.235948579
39,4,11,6:03:47 AM,3:33:56 PM,0.395930326
39,4,2,6:05:37 AM,9:58:17 AM,0.161566462
39,4,13,6:05:54 AM,8:21:41 PM,0.594299067
39,4,4,6:13:51 AM,2:16:03 PM,0.334857577
39,4,12,6:20:29 AM,9:41:42 AM,0.139737868
39,4,9,6:41:21 AM,11:59:39 AM,0.221041076
39,4,17,6:41:24 AM,5:22:41 PM,0.445337223
39,4,1,6:43:35 AM,9:37:24 PM,0.620710705
39,4,7,6:50:37 AM,10:21:32 AM,0.14646494
39,4,19,7:10:28 AM,3:04:45 PM,0.329363381
39,4,3,7:13:46 AM,11:47:12 AM,0.189886824
39,4,10,7:13:47 AM,11:48:26 AM,0.190723936
39,4,5,7:16:15 AM,3:27:34 PM,0.341193851
39,4,6,7:34:51 AM,6:25:27 PM,0.45181149
39,4,8,7:44:58 AM,2:55:35 PM,0.299039698
39,4,15,7:51:41 AM,3:43:43 PM,0.327808375
39,4,14,7:57:43 AM,6:34:09 PM,0.441969741
39,4,16,8:19:55 AM,12:59:20 PM,0.194040233
39,4,20,8:24:29 AM,10:46:11 PM,0.598412057
39,4,18,8:41:30 AM,12:52:27 PM,0.174266886
40,5,20,6:07:26 AM,12:14:10 PM,0.254681086
40,5,8,6:15:23 AM,6:02:27 PM,0.491021928
40,5,14,6:17:14 AM,11:36:31 AM,0.221722235
40,5,16,6:18:04 AM,12:09:00 PM,0.243705397
40,5,4,6:27:02 AM,10:16:10 PM,0.659118274
40,5,19,6:27:57 AM,3:49:16 PM,0.38980819
40,5,11,6:30:14 AM,6:59:53 PM,0.520589943
40,5,9,6:52:42 AM,11:48:12 AM,0.205212666
40,5,2,7:02:11 AM,4:50:10 PM,0.408324879
40,5,12,7:05:18 AM,10:27:22 AM,0.14032783
40,5,7,7:20:11 AM,2:04:02 PM,0.280458609
40,5,1,7:25:57 AM,1:55:27 AM,0.770484603
40,5,15,7:26:01 AM,1:13:33 PM,0.241345746
40,5,3,7:37:40 AM,6:20:27 PM,0.446373732
40,5,17,7:55:19 AM,5:16:59 PM,0.390047487
40,5,6,7:58:19 AM,12:39:03 PM,0.194949428
40,5,5,8:20:19 AM,11:17:37 PM,0.623125159
40,5,18,8:25:20 AM,1:35:55 PM,0.215679352
40,5,13,8:41:04 AM,8:27:25 PM,0.490519317
40,5,10,8:47:54 AM,1:04:42 PM,0.178335307
41,6,15,8:20:56 AM,1:21:39 PM,0.208833271
41,6,9,8:54:59 AM,11:39:20 PM,0.614132976
41,6,2,9:00:29 AM,12:54:02 AM,0.662186581
41,6,8,9:05:36 AM,10:07:04 PM,0.54268602
41,6,1,9:06:39 AM,4:20:23 AM,0.801201979
41,6,19,9:14:50 AM,1:20:17 PM,0.17045656
41,6,10,9:16:55 AM,10:29:42 PM,0.550537648
41,6,11,9:23:40 AM,9:25:16 PM,0.501110521
41,6,18,9:39:58 AM,12:48:46 PM,0.131110474
41,6,13,9:59:41 AM,7:44:20 PM,0.406006679
41,6,6,10:06:42 AM,11:12:16 PM,0.545532274
41,6,17,10:24:57 AM,9:02:52 PM,0.442991856
41,6,14,10:27:57 AM,2:49:11 PM,0.181406702
41,6,20,10:38:53 AM,8:45:41 PM,0.421382182
41,6,7,10:44:01 AM,9:16:25 PM,0.439159276
41,6,12,10:48:12 AM,11:22:52 PM,0.524079891
41,6,3,10:50:45 AM,5:02:32 PM,0.258191033
41,6,4,10:51:54 AM,2:47:18 AM,0.663473577
41,6,5,10:54:59 AM,3:43:46 AM,0.700538409
41,6,16,10:57:58 AM,7:17:07 PM,0.346633826
42,7,3,8:03:23 AM,5:47:13 AM,0.905448879
42,7,9,8:11:43 AM,8:45:19 PM,0.523332254
42,7,16,8:32:59 AM,3:56:38 PM,0.308086511
42,7,19,8:36:38 AM,5:47:43 PM,0.382696995
42,7,11,8:43:58 AM,4:01:02 PM,0.303516112
42,7,1,8:45:26 AM,11:02:19 PM,0.595059963
42,7,2,9:11:46 AM,9:08:50 PM,0.49796421
42,7,10,9:21:04 AM,8:23:09 PM,0.459775513
42,7,17,9:34:49 AM,12:21:07 AM,0.615485948
42,7,13,10:00:07 AM,1:04:55 PM,0.128329918
42,7,5,10:01:59 AM,2:18:19 PM,0.178008871
42,7,6,10:06:54 AM,9:12:36 PM,0.462294276
42,7,20,10:08:15 AM,12:32:31 AM,0.600182037
42,7,7,10:12:56 AM,7:09:31 PM,0.372637936
42,7,4,10:18:24 AM,2:44:24 AM,0.684719136
42,7,18,10:28:56 AM,4:59:31 PM,0.271241783
42,7,14,10:33:07 AM,12:33:08 AM,0.583349783
42,7,8,10:33:18 AM,5:43:36 PM,0.298826485
42,7,12,10:47:00 AM,5:21:22 PM,0.273862623
42,7,15,10:52:56 AM,6:29:02 PM,0.316735122
43,1,20,6:26:45 AM,11:58:48 AM,0.23058935
43,1,3,6:39:59 AM,4:31:46 PM,0.410965202
43,1,10,6:42:16 AM,3:12:09 PM,0.354081966
43,1,9,6:51:41 AM,7:29:09 PM,0.526028034
43,1,7,7:13:19 AM,4:31:29 PM,0.387614212
43,1,14,7:21:20 AM,2:55:43 PM,0.315544929
43,1,12,7:29:31 AM,10:46:24 AM,0.136715548
43,1,8,7:37:40 AM,12:20:19 PM,0.196283891
43,1,18,7:40:06 AM,10:29:26 PM,0.617587799
43,1,13,7:43:39 AM,10:52:51 AM,0.1313939
43,1,5,7:45:08 AM,2:08:17 PM,0.266076599
43,1,19,8:01:28 AM,4:16:16 PM,0.34360846
43,1,6,8:12:18 AM,3:06:41 PM,0.287765466
43,1,17,8:16:26 AM,3:17:35 PM,0.292462193
43,1,16,8:16:48 AM,10:50:38 PM,0.606831837
43,1,11,8:24:23 AM,3:35:25 PM,0.299323946
43,1,1,8:37:51 AM,11:48:39 AM,0.132504238
43,1,4,8:46:31 AM,5:21:36 PM,0.357691346
43,1,15,8:48:00 AM,7:20:12 PM,0.439022688
43,1,2,8:50:17 AM,4:52:17 AM,0.834721534
44,2,8,6:03:24 AM,11:11:50 AM,0.214183399
44,2,14,6:42:23 AM,8:22:57 PM,0.569836975
44,2,19,6:53:58 AM,9:06:51 PM,0.59228137
44,2,5,7:03:02 AM,8:46:03 PM,0.571535281
44,2,3,7:11:08 AM,1:00:17 PM,0.242471159
44,2,20,7:29:14 AM,4:01:44 PM,0.355892704
44,2,12,7:45:22 AM,5:38:08 PM,0.41164709
44,2,13,7:48:46 AM,8:44:29 PM,0.538694873
44,2,7,7:49:30 AM,6:57:52 PM,0.464134486
44,2,18,7:57:29 AM,4:13:03 PM,0.344142817
44,2,2,8:00:25 AM,8:34:36 PM,0.523745423
44,2,9,8:04:41 AM,1:48:57 PM,0.239079419
44,2,1,8:07:56 AM,5:44:11 AM,0.900175036
44,2,11,8:19:40 AM,10:22:15 PM,0.585124413
44,2,6,8:24:25 AM,10:35:55 PM,0.591317544
44,2,16,8:24:53 AM,1:29:07 PM,0.21127358
44,2,4,8:25:43 AM,12:19:24 AM,0.662283556
44,2,10,8:31:55 AM,12:00:55 PM,0.145139801
44,2,15,8:44:55 AM,7:23:53 PM,0.443729485
44,2,17,8:46:16 AM,6:18:20 PM,0.397267729
45,3,4,6:06:42 AM,8:46:27 PM,0.610937812
45,3,8,6:07:02 AM,2:39:01 PM,0.355549059
45,3,17,6:11:59 AM,6:19:29 PM,0.505204557
45,3,10,6:26:00 AM,10:56:33 AM,0.18787593
45,3,19,6:44:27 AM,10:02:07 AM,0.137272205
45,3,14,6:45:36 AM,11:43:54 AM,0.207154463
45,3,18,6:47:19 AM,5:29:49 PM,0.446190212
45,3,7,7:04:19 AM,2:42:20 PM,0.318063955
45,3,20,7:05:40 AM,3:16:33 PM,0.340881538
45,3,3,7:22:20 AM,8:37:42 PM,0.552337469
45,3,2,7:24:56 AM,4:45:22 AM,0.889186146
45,3,1,7:40:08 AM,2:02:36 AM,0.765606827
45,3,11,7:50:53 AM,8:08:58 PM,0.512559755
45,3,6,7:55:28 AM,7:24:36 PM,0.478567797
45,3,13,7:57:08 AM,4:53:14 PM,0.372295293
45,3,15,8:07:06 AM,1:03:23 PM,0.205752918
45,3,9,8:31:17 AM,5:54:08 PM,0.390857075
45,3,12,8:54:44 AM,3:21:37 PM,0.268671907
45,3,16,8:55:23 AM,6:07:07 PM,0.383145667
45,3,5,8:56:52 AM,8:58:26 PM,0.501090899
46,4,14,6:07:47 AM,9:34:16 AM,0.14338834
46,4,13,6:11:41 AM,9:16:12 AM,0.128126596
46,4,5,6:12:19 AM,5:15:57 PM,0.460860707
46,4,15,6:22:05 AM,9:59:40 AM,0.151095567
46,4,3,6:26:22 AM,11:02:52 PM,0.692018077
46,4,2,6:29:07 AM,3:15:34 PM,0.365592599
46,4,9,6:39:14 AM,8:59:21 PM,0.597302791
46,4,20,6:53:08 AM,7:36:25 PM,0.530063765
46,4,8,7:15:44 AM,11:42:30 AM,0.185247202
46,4,18,7:29:05 AM,4:39:36 PM,0.382304644
46,4,11,7:35:54 AM,10:21:52 PM,0.615259025
46,4,4,7:54:04 AM,11:46:17 PM,0.661262543
46,4,7,7:59:56 AM,11:56:44 AM,0.164444323
46,4,6,8:08:58 AM,7:22:29 PM,0.467717296
46,4,1,8:09:40 AM,2:10:16 AM,0.750419378
46,4,17,8:22:30 AM,4:12:08 PM,0.326132186
46,4,12,8:28:12 AM,6:47:51 PM,0.430314721
46,4,10,8:32:23 AM,10:45:02 PM,0.592126123
46,4,19,8:34:10 AM,8:53:32 PM,0.513457115
46,4,16,8:54:33 AM,8:05:24 PM,0.465878753
47,5,14,6:05:19 AM,8:58:45 PM,0.620439368
47,5,1,6:05:41 AM,7:48:05 PM,0.571111934
47,5,10,6:14:13 AM,8:22:44 PM,0.589248584
47,5,2,6:18:30 AM,2:12:51 AM,0.829413288
47,5,3,6:31:34 AM,8:31:41 PM,0.583414682
47,5,4,6:49:32 AM,12:14:36 AM,0.725739036
47,5,15,6:50:15 AM,6:05:43 PM,0.469072779
47,5,9,7:02:55 AM,7:25:56 PM,0.515986572
47,5,19,7:05:30 AM,2:01:42 PM,0.289020682
47,5,11,7:09:30 AM,2:13:04 PM,0.29414207
47,5,8,7:16:12 AM,2:47:06 PM,0.313126027
47,5,18,7:22:48 AM,6:57:24 PM,0.48236352
47,5,17,7:31:03 AM,7:58:45 PM,0.519236392
47,5,12,7:32:35 AM,7:46:03 PM,0.509348478
47,5,20,7:34:31 AM,5:08:44 PM,0.39876115
47,5,13,7:44:35 AM,11:25:39 AM,0.153515908
47,5,6,8:07:36 AM,1:28:55 PM,0.223142128
47,5,5,8:23:51 AM,6:37:14 PM,0.425959245
47,5,16,8:46:04 AM,12:42:52 PM,0.164441166
47,5,7,8:48:13 AM,6:16:01 PM,0.394302922
48,6,2,8:05:32 AM,9:32:43 PM,0.560538959
48,6,15,8:31:10 AM,10:24:13 PM,0.578506515
48,6,11,8:34:57 AM,7:17:34 PM,0.446252896
48,6,9,8:40:10 AM,5:28:04 PM,0.366596635
48,6,20,8:49:28 AM,7:09:52 PM,0.43083106
48,6,4,8:53:30 AM,6:00:19 AM,0.879739096
48,6,10,9:02:36 AM,10:35:37 PM,0.564598866
48,6,1,9:07:54 AM,7:38:49 PM,0.438134851
48,6,6,9:11:44 AM,3:28:03 PM,0.26132824
48,6,14,9:39:42 AM,1:09:37 PM,0.145778002
48,6,19,9:39:50 AM,12:36:17 AM,0.622544297
48,6,12,9:48:49 AM,4:43:44 PM,0.288136306
48,6,17,9:57:44 AM,4:18:09 PM,0.264180676
48,6,5,10:13:56 AM,8:18:58 PM,0.420160973
48,6,3,10:26:36 AM,2:20:23 PM,0.162352923
48,6,18,10:37:13 AM,11:25:31 PM,0.53353605
48,6,16,10:39:06 AM,7:53:34 PM,0.385043804
48,6,13,10:39:47 AM,8:41:21 PM,0.417761957
48,6,7,10:52:12 AM,5:40:29 PM,0.283534829
48,6,8,10:54:43 AM,2:52:02 PM,0.164801242
49,7,1,8:09:14 AM,12:58:21 AM,0.700783527
49,7,17,8:17:36 AM,8:10:22 PM,0.494981396
49,7,9,8:26:44 AM,5:13:04 PM,0.365508947
49,7,10,8:30:09 AM,9:12:37 PM,0.529484474
49,7,19,8:40:30 AM,7:39:16 PM,0.457485363
49,7,4,8:44:54 AM,5:01:37 AM,0.844937417
49,7,5,8:47:36 AM,5:56:53 PM,0.381442958
49,7,12,8:50:51 AM,8:11:00 PM,0.472318125
49,7,2,8:54:52 AM,7:29:57 AM,0.941033636
49,7,16,8:59:41 AM,1:21:03 PM,0.181507158
49,7,7,9:00:22 AM,8:33:09 PM,0.481091625
49,7,20,9:06:29 AM,5:37:18 PM,0.354725061
49,7,13,9:39:33 AM,7:30:33 PM,0.410412365
49,7,15,9:44:17 AM,5:09:23 PM,0.309099503
49,7,11,9:50:55 AM,12:54:28 PM,0.127462804
49,7,6,9:54:47 AM,10:48:47 PM,0.537496474
49,7,3,10:25:43 AM,4:30:13 PM,0.253121217
49,7,14,10:30:55 AM,3:34:07 PM,0.210552032
49,7,18,10:31:51 AM,1:09:20 AM,0.609364947
49,7,8,10:47:21 AM,2:34:00 PM,0.157400331
50,1,1,6:08:00 AM,12:05:30 PM,0.248265631
50,1,19,6:17:41 AM,5:57:03 PM,0.485672433
50,1,4,6:44:36 AM,3:50:46 PM,0.379280941
50,1,9,6:44:36 AM,8:19:06 PM,0.565619484
50,1,8,6:45:20 AM,4:47:07 PM,0.417907994
50,1,5,6:53:15 AM,10:19:25 PM,0.643171937
50,1,15,7:12:25 AM,7:08:37 PM,0.497366446
50,1,3,7:19:02 AM,11:32:20 PM,0.675909454
50,1,11,7:28:03 AM,5:56:24 PM,0.436351067
50,1,2,7:45:04 AM,5:49:24 PM,0.419670167
50,1,14,7:45:56 AM,12:34:01 PM,0.200050484
50,1,16,7:52:09 AM,9:03:17 PM,0.549404654
50,1,12,8:00:01 AM,9:04:22 PM,0.544687898
50,1,10,8:12:12 AM,8:16:40 PM,0.503098086
50,1,13,8:20:07 AM,5:58:17 PM,0.401502454
50,1,6,8:24:17 AM,10:43:03 PM,0.596357028
50,1,20,8:27:08 AM,9:36:44 PM,0.548330571
50,1,18,8:37:39 AM,11:10:22 PM,0.606055997
50,1,7,8:38:01 AM,9:39:53 PM,0.542960888
50,1,17,8:58:33 AM,12:04:50 PM,0.129364665
51,2,1,6:05:24 AM,1:30:04 PM,0.308795387
51,2,10,6:05:27 AM,3:32:25 PM,0.39373169
51,2,9,6:17:09 AM,7:38:39 PM,0.556589424
51,2,14,6:17:36 AM,7:28:31 PM,0.549241857
51,2,19,6:21:49 AM,2:20:15 PM,0.332240151
51,2,6,6:27:13 AM,3:42:29 PM,0.385603056
51,2,17,6:32:00 AM,4:28:28 PM,0.414212826
51,2,18,6:51:00 AM,9:45:05 PM,0.62088827
51,2,8,6:58:01 AM,11:17:29 AM,0.180185031
51,2,16,7:09:43 AM,9:29:03 PM,0.596759734
51,2,13,7:10:46 AM,2:22:46 PM,0.300005074
51,2,3,7:11:25 AM,2:24:15 PM,0.300571646
51,2,15,7:13:10 AM,10:37:29 AM,0.141884945
51,2,11,7:13:53 AM,2:15:19 PM,0.292666236
51,2,7,7:57:30 AM,12:04:23 PM,0.171440259
51,2,5,8:12:36 AM,5:12:40 AM,0.875050761
51,2,20,8:28:56 AM,5:53:59 PM,0.392404237
51,2,2,8:41:09 AM,4:15:46 AM,0.81570581
51,2,4,8:48:30 AM,5:55:02 AM,0.879529106
51,2,12,8:49:56 AM,4:50:23 PM,0.333637383
52,3,14,6:12:47 AM,1:17:50 PM,0.295174204
52,3,9,6:35:34 AM,7:05:19 PM,0.520649067
52,3,1,6:47:35 AM,4:40:05 PM,0.411467692
52,3,3,6:47:35 AM,12:12:37 AM,0.725721813
52,3,8,6:56:47 AM,12:18:51 PM,0.223654905
52,3,12,7:08:36 AM,8:07:48 PM,0.541110321
52,3,20,7:09:00 AM,4:54:23 PM,0.40651032
52,3,17,7:22:46 AM,9:13:03 PM,0.576584195
52,3,19,7:36:13 AM,5:22:06 PM,0.406864499
52,3,7,7:39:33 AM,5:26:38 PM,0.407702934
52,3,16,7:46:42 AM,3:27:40 PM,0.320112904
52,3,18,7:53:34 AM,9:27:33 PM,0.565264478
52,3,11,7:53:49 AM,9:00:54 PM,0.546589995
52,3,15,8:02:14 AM,6:37:16 PM,0.440995487
52,3,4,8:04:29 AM,11:45:54 PM,0.653762591
52,3,10,8:05:38 AM,9:22:26 PM,0.553336918
52,3,6,8:25:52 AM,3:52:07 PM,0.309899992
52,3,5,8:36:03 AM,9:51:11 PM,0.552167623
52,3,13,8:37:37 AM,10:26:40 PM,0.57573127
52,3,2,8:49:07 AM,1:49:03 PM,0.20829376
53,4,17,6:21:20 AM,4:39:09 PM,0.429036682
53,4,2,6:36:13 AM,11:00:29 AM,0.183514835
53,4,1,6:40:22 AM,3:00:39 PM,0.347414771
53,4,14,6:45:31 AM,2:36:30 PM,0.32706914
53,4,18,6:50:46 AM,6:53:54 PM,0.502178557
53,4,3,7:03:06 AM,11:02:21 PM,0.666135635
53,4,8,7:08:54 AM,11:01:02 AM,0.161210582
53,4,20,7:16:35 AM,4:19:11 PM,0.376799378
53,4,9,7:18:39 AM,10:17:31 PM,0.624217009
53,4,10,7:20:31 AM,11:57:18 AM,0.192206457
53,4,4,7:22:34 AM,1:17:37 AM,0.746558999
53,4,15,7:30:02 AM,2:49:18 PM,0.305037664
53,4,5,7:54:31 AM,12:21:18 AM,0.685270592
53,4,7,8:07:29 AM,10:38:10 PM,0.6046333
53,4,6,8:13:56 AM,9:54:29 PM,0.569835111
53,4,13,8:32:37 AM,6:04:32 PM,0.39715848
53,4,12,8:37:38 AM,2:16:34 PM,0.235371925
53,4,16,8:46:14 AM,6:18:33 PM,0.397443038
53,4,19,8:48:39 AM,7:54:14 PM,0.462203021
53,4,11,8:59:36 AM,11:51:10 PM,0.619142048
54,5,9,6:17:31 AM,7:44:54 PM,0.560683783
54,5,3,6:29:36 AM,7:57:13 PM,0.560848483
54,5,13,6:34:30 AM,8:41:04 PM,0.587890441
54,5,17,6:41:21 AM,5:09:57 PM,0.436531812
54,5,5,6:54:21 AM,11:09:30 PM,0.677188388
54,5,1,6:58:12 AM,12:10:01 PM,0.216532721
54,5,6,7:04:29 AM,4:46:13 PM,0.403976006
54,5,8,7:10:02 AM,12:08:42 PM,0.207402741
54,5,2,7:22:35 AM,12:51:22 AM,0.728324005
54,5,16,7:25:01 AM,5:52:27 PM,0.435709349
54,5,11,7:34:01 AM,3:20:56 PM,0.324245729
54,5,4,7:36:09 AM,5:35:36 PM,0.416287653
54,5,19,7:41:04 AM,4:23:12 PM,0.362595949
54,5,14,7:47:40 AM,1:17:39 PM,0.229161306
54,5,20,8:05:58 AM,1:06:32 PM,0.208718971
54,5,12,8:23:10 AM,12:35:57 PM,0.175549543
54,5,18,8:23:39 AM,10:05:44 PM,0.570884856
54,5,10,8:33:21 AM,10:05:22 PM,0.563896599
54,5,15,8:41:14 AM,3:26:30 PM,0.281427201
54,5,7,8:57:44 AM,10:59:08 PM,0.58430596
55,6,13,8:15:44 AM,11:03:14 PM,0.616313889
55,6,12,8:38:22 AM,6:40:39 PM,0.418253089
55,6,17,8:45:38 AM,2:01:25 PM,0.219293972
55,6,20,8:46:28 AM,9:15:12 PM,0.519959063
55,6,16,9:03:46 AM,9:46:33 PM,0.529705769
55,6,5,9:04:51 AM,3:54:28 AM,0.784454917
55,6,18,9:16:50 AM,11:38:45 PM,0.598555263
55,6,6,9:19:39 AM,6:17:21 PM,0.373398561
55,6,9,9:37:15 AM,10:09:30 PM,0.522398334
55,6,10,9:42:25 AM,9:54:56 PM,0.508689259
55,6,8,9:49:35 AM,2:18:33 PM,0.186785487
55,6,11,9:58:45 AM,2:35:30 PM,0.192180325
55,6,14,10:05:06 AM,10:11:51 PM,0.504687615
55,6,3,10:25:23 AM,5:00:22 PM,0.274288054
55,6,7,10:35:08 AM,1:26:54 AM,0.619280972
55,6,15,10:36:21 AM,11:35:32 PM,0.541095432
55,6,4,10:37:23 AM,8:34:52 AM,0.914921657
55,6,2,10:46:03 AM,2:36:35 AM,0.660093469
55,6,1,10:47:37 AM,6:46:16 PM,0.332393915
55,6,19,10:47:57 AM,12:20:28 AM,0.564242367
56,7,10,8:43:13 AM,7:24:38 PM,0.445422307
56,7,9,8:56:17 AM,11:38:22 PM,0.612555179
56,7,6,9:00:07 AM,12:55:47 PM,0.16366153
56,7,16,9:01:30 AM,7:26:07 PM,0.433762607
56,7,20,9:25:53 AM,11:09:53 PM,0.572221193
56,7,17,9:26:55 AM,3:41:07 PM,0.25985644
56,7,4,9:37:14 AM,4:54:54 AM,0.803935684
56,7,13,9:38:34 AM,6:55:49 PM,0.386979425
56,7,18,9:39:43 AM,5:27:34 PM,0.32490493
56,7,2,10:04:26 AM,7:22:28 AM,0.887524897
56,7,3,10:08:01 AM,10:33:17 PM,0.517548093
56,7,1,10:10:28 AM,6:28:06 AM,0.845578133
56,7,14,10:20:32 AM,8:33:55 PM,0.425961021
56,7,5,10:22:27 AM,11:03:12 PM,0.528303506
56,7,11,10:23:52 AM,4:25:07 PM,0.250874932
56,7,15,10:43:29 AM,8:48:05 PM,0.41986225
56,7,12,10:45:59 AM,3:12:03 PM,0.18476843
56,7,8,10:47:14 AM,2:32:37 PM,0.156523892
56,7,19,10:48:10 AM,7:30:03 PM,0.36242116
56,7,7,10:48:37 AM,7:00:50 PM,0.341826837
57,1,2,6:15:02 AM,7:39:39 PM,0.558757683
57,1,15,6:23:18 AM,7:20:17 PM,0.539576576
57,1,19,6:30:21 AM,10:56:54 AM,0.185103291
57,1,7,6:47:05 AM,4:30:22 PM,0.405066199
57,1,11,7:04:40 AM,3:40:54 PM,0.358498436
57,1,12,7:09:07 AM,4:17:49 PM,0.381049041
57,1,1,7:28:09 AM,12:21:42 AM,0.703850964
57,1,8,7:29:07 AM,7:35:15 PM,0.504268689
57,1,16,7:31:22 AM,11:55:24 AM,0.183360868
57,1,20,7:45:30 AM,6:14:23 PM,0.436722565
57,1,3,7:48:47 AM,11:27:59 AM,0.152217899
57,1,9,7:57:43 AM,7:40:40 PM,0.488168854
57,1,6,8:04:48 AM,7:58:22 PM,0.495531532
57,1,10,8:09:42 AM,6:15:51 PM,0.42094275
57,1,18,8:27:10 AM,2:28:08 PM,0.250678166
57,1,14,8:29:24 AM,6:23:59 PM,0.41290159
57,1,5,8:43:34 AM,9:36:38 PM,0.536851649
57,1,13,8:47:17 AM,9:56:11 PM,0.547851373
57,1,4,8:54:34 AM,4:49:05 PM,0.32952647
57,1,17,8:55:52 AM,4:12:19 PM,0.303086653
58,2,19,6:09:58 AM,12:38:56 PM,0.270107751
58,2,8,6:10:40 AM,3:07:05 PM,0.37251487
58,2,18,6:22:15 AM,4:34:44 PM,0.425333379
58,2,20,6:22:32 AM,7:12:02 PM,0.534378167
58,2,10,6:50:35 AM,11:20:58 AM,0.18776039
58,2,13,6:54:18 AM,1:21:24 PM,0.268815589
58,2,7,6:55:32 AM,7:31:26 PM,0.524928409
58,2,2,7:02:50 AM,12:50:19 AM,0.741306571
58,2,4,7:03:09 AM,6:05:45 PM,0.460145309
58,2,5,7:08:20 AM,11:22:22 AM,0.176411589
58,2,1,7:11:08 AM,12:31:34 AM,0.722522785
58,2,6,7:55:13 AM,6:57:58 PM,0.46023694
58,2,17,7:59:49 AM,5:19:53 PM,0.388943853
58,2,15,8:05:36 AM,4:22:20 PM,0.344958924
58,2,9,8:09:31 AM,12:22:44 PM,0.175843153
58,2,12,8:13:39 AM,12:48:57 PM,0.19118378
58,2,16,8:23:54 AM,2:58:18 PM,0.273888909
58,2,14,8:27:33 AM,9:36:58 PM,0.5482068
58,2,11,8:48:06 AM,10:13:03 PM,0.558990015
58,2,3,8:58:10 AM,6:55:18 PM,0.414668621
59,3,2,6:22:15 AM,4:21:19 AM,0.916010659
59,3,20,6:24:26 AM,6:10:31 PM,0.490337317
59,3,5,6:24:49 AM,5:10:25 PM,0.448333021
59,3,12,6:34:57 AM,9:38:21 AM,0.127360538
59,3,14,6:42:21 AM,2:06:43 PM,0.308592218
59,3,1,6:48:00 AM,7:11:47 PM,0.516512474
59,3,9,7:01:48 AM,6:54:37 PM,0.495012688
59,3,10,7:14:41 AM,8:44:50 PM,0.562605351
59,3,7,7:27:04 AM,11:39:54 AM,0.175572958
59,3,13,7:40:14 AM,7:35:20 PM,0.496593751
59,3,6,7:43:36 AM,11:56:20 AM,0.175509974
59,3,17,7:49:06 AM,4:28:46 PM,0.360885915
59,3,3,8:13:00 AM,4:01:23 AM,0.825275154
59,3,19,8:15:50 AM,12:12:08 PM,0.16410126
59,3,18,8:19:16 AM,10:57:30 PM,0.609885616
59,3,16,8:19:34 AM,1:19:26 PM,0.208242963
59,3,4,8:19:59 AM,11:33:06 AM,0.134110895
59,3,11,8:26:03 AM,4:45:28 PM,0.346810214
59,3,15,8:45:20 AM,12:01:36 PM,0.136299791
59,3,8,8:46:12 AM,4:14:29 PM,0.311310741
60,4,3,6:27:40 AM,10:06:51 AM,0.152215928
60,4,14,6:30:30 AM,4:20:20 PM,0.409596405
60,4,8,6:43:21 AM,6:47:33 PM,0.502923198
60,4,11,6:54:28 AM,9:44:27 PM,0.618048633
60,4,10,6:55:52 AM,11:48:05 AM,0.202924795
60,4,1,7:03:08 AM,5:51:09 AM,0.950009038
60,4,13,7:05:00 AM,3:06:09 PM,0.334129035
60,4,9,7:09:43 AM,2:05:21 PM,0.28864035
60,4,7,7:19:25 AM,10:07:39 PM,0.616822476
60,4,5,7:29:33 AM,6:05:44 PM,0.441789678
60,4,17,7:37:07 AM,1:37:02 PM,0.249953501
60,4,12,7:52:06 AM,1:08:06 PM,0.219447286
60,4,16,8:04:28 AM,5:20:19 PM,0.386001592
60,4,4,8:04:35 AM,6:13:05 PM,0.422565488
60,4,18,8:06:07 AM,8:57:24 PM,0.535612949
60,4,20,8:24:57 AM,10:41:21 PM,0.594723465
60,4,15,8:31:26 AM,8:48:09 PM,0.511603862
60,4,19,8:34:15 AM,4:08:39 PM,0.315547782
60,4,2,8:40:20 AM,1:36:14 AM,0.705477438
60,4,6,8:51:53 AM,2:03:26 PM,0.216355763
61,5,12,6:11:36 AM,11:23:07 AM,0.216333619
61,5,16,6:14:28 AM,12:31:26 PM,0.261778648
61,5,2,6:26:59 AM,2:23:58 PM,0.33123212
61,5,4,6:35:48 AM,10:42:56 AM,0.171624299
61,5,10,6:38:15 AM,2:04:17 PM,0.309742704
61,5,14,6:42:56 AM,3:12:13 PM,0.353664823
61,5,7,6:51:50 AM,12:30:41 PM,0.235313768
61,5,3,6:51:58 AM,4:51:37 PM,0.416432625
61,5,6,7:02:50 AM,8:48:35 PM,0.573443677
61,5,17,7:41:00 AM,4:00:06 PM,0.346594547
61,5,19,7:46:42 AM,7:06:51 PM,0.472329068
61,5,5,7:46:49 AM,5:05:54 AM,0.888252352
61,5,15,8:07:23 AM,5:50:17 PM,0.404789249
61,5,13,8:13:38 AM,4:44:02 PM,0.354445045
61,5,8,8:25:30 AM,5:24:02 PM,0.373991489
61,5,9,8:30:09 AM,10:03:30 PM,0.564820058
61,5,20,8:35:43 AM,7:30:29 PM,0.454702685
61,5,18,8:37:52 AM,11:56:01 AM,0.13761119
61,5,1,8:45:42 AM,5:39:01 PM,0.370356275
61,5,11,8:49:38 AM,1:20:59 PM,0.188440684
62,6,14,8:08:04 AM,9:34:16 PM,0.559862813
62,6,6,8:19:03 AM,3:41:07 PM,0.30699106
62,6,8,8:19:10 AM,5:59:11 PM,0.40278859
62,6,18,8:29:36 AM,10:08:07 PM,0.568419993
62,6,12,8:43:54 AM,1:16:53 PM,0.189568987
62,6,16,8:55:12 AM,8:05:38 PM,0.465584988
62,6,4,9:19:16 AM,3:11:19 PM,0.244479882
62,6,15,9:20:35 AM,7:19:20 PM,0.415803391
62,6,13,9:21:51 AM,2:52:41 PM,0.229751372
62,6,10,9:27:13 AM,1:27:06 PM,0.166585114
62,6,19,9:55:44 AM,4:34:39 PM,0.27702383
62,6,5,10:01:59 AM,2:44:23 PM,0.196112296
62,6,2,10:02:07 AM,8:24:30 AM,0.932206487
62,6,11,10:10:33 AM,7:58:53 PM,0.408560197
62,6,17,10:11:09 AM,1:15:56 PM,0.128324747
62,6,1,10:14:08 AM,7:18:07 AM,0.877759487
62,6,7,10:14:20 AM,7:45:14 PM,0.396462083
62,6,9,10:35:45 AM,6:08:43 PM,0.314560235
62,6,20,10:38:10 AM,12:27:29 AM,0.575919363
62,6,3,10:57:58 AM,5:20:16 PM,0.265490557
63,7,19,8:05:32 AM,9:47:05 PM,0.570514797
63,7,18,8:21:20 AM,4:57:00 PM,0.358106589
63,7,9,8:22:38 AM,2:46:59 PM,0.266899937
63,7,15,8:23:19 AM,9:17:37 PM,0.537709908
63,7,8,8:28:53 AM,6:05:42 PM,0.400562895
63,7,12,8:48:00 AM,9:54:41 PM,0.546311887
63,7,6,8:49:58 AM,4:56:52 PM,0.338128421
63,7,7,8:52:56 AM,1:28:04 PM,0.191063663
63,7,4,9:02:07 AM,6:12:42 PM,0.382349572
63,7,10,9:05:34 AM,3:45:25 PM,0.277664976
63,7,1,9:34:26 AM,4:29:27 AM,0.788199483
63,7,20,9:57:09 AM,6:15:00 PM,0.345722426
63,7,11,9:59:05 AM,1:53:38 PM,0.16288299
63,7,14,10:04:25 AM,12:51:58 AM,0.616363355
63,7,2,10:18:32 AM,3:07:55 PM,0.200951896
63,7,13,10:19:13 AM,2:23:47 PM,0.169838318
63,7,17,10:19:50 AM,10:17:18 PM,0.498245948
63,7,5,10:33:47 AM,12:20:23 AM,0.574025435
63,7,3,10:34:06 AM,7:16:37 PM,0.362856757
63,7,16,10:48:07 AM,3:42:02 PM,0.204114624
64,1,6,6:02:26 AM,10:40:05 AM,0.192815487
64,1,11,6:18:37 AM,3:38:33 PM,0.38884207
64,1,5,6:31:27 AM,5:01:38 PM,0.437625099
64,1,10,6:43:03 AM,5:35:30 PM,0.453080623
64,1,1,6:43:56 AM,9:30:41 PM,0.615797857
64,1,20,6:46:11 AM,10:35:55 AM,0.159539063
64,1,4,6:49:37 AM,6:57:05 PM,0.505174372
64,1,3,6:53:39 AM,8:22:53 PM,0.56196033
64,1,16,6:59:55 AM,11:30:40 AM,0.188018887
64,1,19,7:07:13 AM,4:43:06 PM,0.399922027
64,1,15,7:20:26 AM,11:12:44 AM,0.161320612
64,1,9,7:29:03 AM,11:21:02 AM,0.161102951
64,1,18,7:43:41 AM,10:00:20 PM,0.594904873
64,1,13,7:54:33 AM,11:15:56 AM,0.139855747
64,1,17,7:57:07 AM,6:08:10 PM,0.424337234
64,1,12,8:03:07 AM,10:25:54 PM,0.599152882
64,1,7,8:07:45 AM,5:13:44 PM,0.379157725
64,1,14,8:38:56 AM,12:22:53 PM,0.155519117
64,1,8,8:47:48 AM,7:05:06 PM,0.428683464
64,1,2,8:59:46 AM,6:51:13 AM,0.9107225
65,2,2,6:06:46 AM,7:53:20 PM,0.573996597
65,2,7,6:07:37 AM,4:30:26 PM,0.432505842
65,2,8,6:14:27 AM,9:00:57 PM,0.61563161
65,2,5,6:29:09 AM,11:35:12 AM,0.212539599
65,2,1,6:31:20 AM,12:47:15 PM,0.261052999
65,2,6,6:49:50 AM,9:41:06 PM,0.618934136
65,2,19,6:50:43 AM,5:30:24 PM,0.444230916
65,2,16,6:50:50 AM,12:29:36 PM,0.235248116
65,2,14,6:56:42 AM,6:52:23 PM,0.496996929
65,2,20,7:12:04 AM,5:33:08 PM,0.431299499
65,2,15,7:12:05 AM,3:48:01 PM,0.358285635
65,2,10,7:40:19 AM,9:27:59 PM,0.574775245
65,2,12,7:44:01 AM,6:58:03 PM,0.468084364
65,2,11,7:47:32 AM,2:53:44 PM,0.295970265
65,2,17,7:52:21 AM,10:59:43 AM,0.130112605
65,2,4,7:57:23 AM,3:20:16 AM,0.807560873
65,2,9,8:00:05 AM,8:29:21 PM,0.520327154
65,2,18,8:24:58 AM,3:41:58 PM,0.30346652
65,2,3,8:37:55 AM,11:47:23 AM,0.131580688
65,2,13,8:39:53 AM,11:01:38 PM,0.598428267
66,3,17,6:16:41 AM,6:01:53 PM,0.489717476
66,3,9,6:24:54 AM,6:06:40 PM,0.487329364
66,3,14,6:27:03 AM,12:37:12 PM,0.257056654
66,3,20,6:31:53 AM,1:09:32 PM,0.276138364
66,3,18,6:37:24 AM,3:43:07 PM,0.378977555
66,3,16,6:38:33 AM,3:09:31 PM,0.354840739
66,3,7,6:53:11 AM,3:02:53 PM,0.340071265
66,3,8,7:03:51 AM,4:40:03 PM,0.400136691
66,3,15,7:07:53 AM,7:47:54 PM,0.527790002
66,3,6,7:20:27 AM,7:04:13 PM,0.488728383
66,3,19,7:28:21 AM,4:12:06 PM,0.363719568
66,3,12,7:29:51 AM,12:50:27 PM,0.222641809
66,3,4,7:30:43 AM,1:49:14 AM,0.762859893
66,3,2,7:37:31 AM,4:40:25 PM,0.377012027
66,3,1,7:50:53 AM,2:03:37 PM,0.258841693
66,3,11,8:01:19 AM,7:05:12 PM,0.461031969
66,3,13,8:04:36 AM,8:50:57 PM,0.532196672
66,3,10,8:26:45 AM,12:17:04 PM,0.159940446
66,3,5,8:35:49 AM,4:28:38 AM,0.828351311
66,3,3,8:41:33 AM,6:56:12 PM,0.426829691
67,4,5,6:02:00 AM,9:37:52 PM,0.649905623
67,4,6,6:06:54 AM,12:23:00 PM,0.261182231
67,4,1,6:10:38 AM,11:34:33 PM,0.724936576
67,4,15,6:11:52 AM,8:24:53 PM,0.592368822
67,4,18,6:36:11 AM,1:13:41 PM,0.276042845
67,4,20,6:39:22 AM,7:25:34 PM,0.532087506
67,4,2,6:39:49 AM,9:02:17 PM,0.598933382
67,4,13,6:47:58 AM,5:58:52 PM,0.465901048
67,4,10,6:53:32 AM,3:58:14 PM,0.378272752
67,4,3,7:02:54 AM,4:22:16 PM,0.388451574
67,4,9,7:06:56 AM,5:23:16 PM,0.428018961
67,4,7,7:44:51 AM,11:01:44 AM,0.136723898
67,4,19,7:45:25 AM,10:36:33 PM,0.618844625
67,4,4,7:52:00 AM,5:33:29 PM,0.403806098
67,4,16,8:09:16 AM,10:55:57 PM,0.615753231
67,4,12,8:19:33 AM,10:46:01 PM,0.601712656
67,4,17,8:27:41 AM,4:49:33 PM,0.348519856
67,4,8,8:44:10 AM,6:57:04 PM,0.425626025
67,4,11,8:52:05 AM,12:46:52 PM,0.163037499
67,4,14,8:53:13 AM,7:53:24 PM,0.458456532
68,5,6,6:25:42 AM,9:51:55 AM,0.143209266
68,5,10,6:47:37 AM,6:57:46 PM,0.507049278
68,5,16,6:47:49 AM,11:01:03 AM,0.175851372
68,5,4,6:52:48 AM,11:31:54 PM,0.693819365
68,5,15,7:00:05 AM,7:25:54 PM,0.517933239
68,5,5,7:12:12 AM,10:26:29 AM,0.13491108
68,5,17,7:24:50 AM,1:07:02 PM,0.237638367
68,5,7,7:39:50 AM,1:50:51 PM,0.257648319
68,5,1,7:41:47 AM,5:06:18 AM,0.892025672
68,5,8,7:43:58 AM,5:05:24 PM,0.389893007
68,5,11,7:44:30 AM,12:42:34 PM,0.206985185
68,5,18,7:59:45 AM,8:06:27 PM,0.50465248
68,5,2,8:04:42 AM,7:21:56 PM,0.47030307
68,5,14,8:19:09 AM,2:03:31 PM,0.239145916
68,5,9,8:20:32 AM,2:04:51 PM,0.239103015
68,5,13,8:20:42 AM,4:27:59 PM,0.338396749
68,5,12,8:24:45 AM,3:07:02 PM,0.279363437
68,5,20,8:32:26 AM,1:05:01 PM,0.189286015
68,5,3,8:41:02 AM,6:57:50 AM,0.928332974
68,5,19,8:50:10 AM,6:28:23 PM,0.401541876
69,6,19,8:19:25 AM,1:29:42 PM,0.215477313
69,6,18,8:20:59 AM,11:59:39 AM,0.151844293
69,6,1,8:26:24 AM,4:56:24 AM,0.854162302
69,6,17,8:32:16 AM,6:33:12 PM,0.417314671
69,6,15,8:36:26 AM,6:28:26 PM,0.41111744
69,6,13,8:48:43 AM,12:26:47 PM,0.151426231
69,6,2,8:53:46 AM,1:03:57 AM,0.673738993
69,6,20,9:03:22 AM,8:12:20 PM,0.464555227
69,6,5,9:14:45 AM,7:15:34 PM,0.417243612
69,6,10,9:19:14 AM,6:20:18 PM,0.375743224
69,6,8,9:19:58 AM,2:17:19 PM,0.206491461
69,6,14,9:20:22 AM,1:13:14 PM,0.161709837
69,6,3,9:48:01 AM,2:13:06 PM,0.184086322
69,6,11,10:03:43 AM,9:05:12 PM,0.459365427
69,6,9,10:08:37 AM,9:22:46 PM,0.468158155
69,6,12,10:17:27 AM,2:19:22 PM,0.167999121
69,6,7,10:32:20 AM,8:23:33 PM,0.410562644
69,6,4,10:42:56 AM,9:30:39 PM,0.449799841
69,6,6,10:50:20 AM,1:11:16 AM,0.597865866
69,6,16,10:52:34 AM,5:13:05 PM,0.264249602
70,7,8,8:19:56 AM,11:55:36 AM,0.149771069
70,7,13,8:26:35 AM,4:24:20 PM,0.331771145
70,7,2,8:28:38 AM,11:55:33 AM,0.143690133
70,7,20,8:31:23 AM,8:21:53 PM,0.493409254
70,7,17,9:01:09 AM,6:16:28 PM,0.385637878
70,7,10,9:01:21 AM,7:54:47 PM,0.453766665
70,7,3,9:13:19 AM,1:11:47 PM,0.165599319
70,7,14,9:35:08 AM,8:06:13 PM,0.438254289
70,7,15,9:39:38 AM,1:32:38 PM,0.161799862
70,7,18,9:46:54 AM,8:26:48 PM,0.444377725
70,7,9,9:59:01 AM,11:24:00 PM,0.559017429
70,7,16,10:00:30 AM,12:43:04 AM,0.612902656
70,7,7,10:03:05 AM,7:16:18 PM,0.384176204
70,7,1,10:10:46 AM,7:47:48 PM,0.400712033
70,7,19,10:15:53 AM,10:58:13 PM,0.529408058
70,7,6,10:16:38 AM,8:23:18 PM,0.421297186
70,7,11,10:20:49 AM,9:15:39 PM,0.454741407
70,7,4,10:50:02 AM,6:09:46 PM,0.305363473
70,7,5,10:54:55 AM,7:39:28 PM,0.36426755
70,7,12,10:55:18 AM,6:05:36 PM,0.298823777
71,1,5,6:00:09 AM,9:07:25 PM,0.630045411
71,1,19,6:07:30 AM,10:46:55 AM,0.194037619
71,1,18,6:08:16 AM,7:53:42 PM,0.573215447
71,1,13,6:16:53 AM,1:07:17 PM,0.284995702
71,1,2,6:28:31 AM,12:29:44 AM,0.750842584
71,1,7,6:28:52 AM,12:18:36 PM,0.242877915
71,1,20,6:40:30 AM,8:43:30 PM,0.585413377
71,1,1,7:02:29 AM,11:14:51 AM,0.17525412
71,1,6,7:07:14 AM,5:30:59 PM,0.433164338
71,1,9,7:15:30 AM,9:42:31 PM,0.602096016
71,1,15,7:17:49 AM,10:34:18 AM,0.136448959
71,1,8,7:27:44 AM,8:24:46 PM,0.539610138
71,1,14,7:31:48 AM,7:19:00 PM,0.491115199
71,1,16,7:39:31 AM,8:36:44 PM,0.539727322
71,1,12,7:54:46 AM,2:54:29 PM,0.291469264
71,1,3,8:10:04 AM,10:21:30 PM,0.59127086
71,1,10,8:33:14 AM,5:54:01 PM,0.389435273
71,1,11,8:34:35 AM,1:01:22 PM,0.185267301
71,1,4,8:47:49 AM,2:06:27 PM,0.221274511
71,1,17,8:52:55 AM,11:42:44 PM,0.617930514
72,2,12,6:10:57 AM,2:36:34 PM,0.351114761
72,2,11,6:14:27 AM,10:48:28 AM,0.190287397
72,2,19,6:30:29 AM,4:15:38 PM,0.406346328
72,2,15,6:33:24 AM,2:30:16 PM,0.331161867
72,2,4,6:53:46 AM,10:48:13 AM,0.162809695
72,2,2,6:54:31 AM,8:05:31 PM,0.549305261
72,2,6,7:01:05 AM,7:46:08 PM,0.53128115
72,2,18,7:06:39 AM,1:49:42 PM,0.279892742
72,2,1,7:08:04 AM,12:18:27 AM,0.715538356
72,2,9,7:11:17 AM,10:28:15 AM,0.136784263
72,2,16,7:13:37 AM,6:33:48 PM,0.472349937
72,2,8,7:15:54 AM,4:53:40 PM,0.401235511
72,2,20,7:42:54 AM,4:29:34 PM,0.365741463
72,2,5,8:05:08 AM,3:09:13 PM,0.294504714
72,2,17,8:05:44 AM,5:41:28 PM,0.399821478
72,2,13,8:14:32 AM,4:14:54 PM,0.333582036
72,2,7,8:26:49 AM,12:39:17 PM,0.175316964
72,2,14,8:44:16 AM,2:38:08 PM,0.24573929
72,2,3,8:44:58 AM,5:56:27 AM,0.882971066
72,2,10,8:48:05 AM,2:53:02 PM,0.253430962
73,3,10,6:17:08 AM,6:28:01 PM,0.507563451
73,3,20,6:24:11 AM,10:06:48 AM,0.15459467
73,3,12,6:34:22 AM,4:15:50 PM,0.403796728
73,3,9,6:40:17 AM,11:47:51 AM,0.213577249
73,3,15,6:44:12 AM,6:29:55 PM,0.490092215
73,3,3,6:57:02 AM,3:44:46 AM,0.866488127
73,3,4,7:05:37 AM,7:38:08 PM,0.52257018
73,3,14,7:10:59 AM,3:10:20 PM,0.332882169
73,3,18,7:17:09 AM,4:33:56 PM,0.386651664
73,3,6,7:21:06 AM,3:37:50 PM,0.344954762
73,3,8,7:44:26 AM,12:46:46 PM,0.209950345
73,3,17,7:47:16 AM,2:29:42 PM,0.279460507
73,3,2,7:58:04 AM,6:28:41 PM,0.437936457
73,3,19,8:03:32 AM,7:46:31 PM,0.488175279
73,3,1,8:03:35 AM,11:41:20 AM,0.151217525
73,3,16,8:07:36 AM,3:45:58 PM,0.318301282
73,3,13,8:31:47 AM,2:09:33 PM,0.234563327
73,3,11,8:35:17 AM,7:47:34 PM,0.46686409
73,3,7,8:54:34 AM,8:59:26 PM,0.503384818
73,3,5,8:54:43 AM,11:55:39 AM,0.125641248
74,4,19,6:07:49 AM,10:45:00 AM,0.192484986
74,4,6,6:17:42 AM,10:44:55 AM,0.185561067
74,4,7,6:20:26 AM,8:23:45 PM,0.585633587
74,4,16,6:35:59 AM,1:47:21 PM,0.299561395
74,4,9,6:37:33 AM,8:35:12 PM,0.581691348
74,4,20,6:38:01 AM,7:07:08 PM,0.520215444
74,4,17,6:53:54 AM,2:03:39 PM,0.298441384
74,4,12,6:57:22 AM,7:59:48 PM,0.54335879
74,4,13,7:01:54 AM,4:08:52 PM,0.379844978
74,4,14,7:04:46 AM,4:02:18 PM,0.373297357
74,4,11,7:33:04 AM,2:53:25 PM,0.305793856
74,4,1,7:41:17 AM,4:21:14 AM,0.861073103
74,4,10,7:54:17 AM,4:05:10 PM,0.340891263
74,4,18,8:00:07 AM,4:41:30 PM,0.362070875
74,4,8,8:04:59 AM,12:49:39 PM,0.197681317
74,4,3,8:11:07 AM,8:38:09 PM,0.518772727
74,4,2,8:18:59 AM,6:12:35 AM,0.912223835
74,4,4,8:28:26 AM,3:34:53 AM,0.796152542
74,4,5,8:30:32 AM,8:43:32 PM,0.50903121
74,4,15,8:53:43 AM,5:43:36 PM,0.367973448
75,5,7,6:05:31 AM,5:33:31 PM,0.477773086
75,5,4,6:17:36 AM,11:35:29 PM,0.720761218
75,5,6,6:44:28 AM,7:31:58 PM,0.532985794
75,5,12,6:54:14 AM,1:10:08 PM,0.261045714
75,5,20,7:03:51 AM,5:04:24 PM,0.41704233
75,5,11,7:06:03 AM,1:41:32 PM,0.274644062
75,5,14,7:10:28 AM,12:26:59 PM,0.219798897
75,5,18,7:12:25 AM,12:50:39 PM,0.234883399
75,5,8,7:15:57 AM,4:35:54 PM,0.388849643
75,5,2,7:22:07 AM,4:31:44 PM,0.381674439
75,5,1,7:23:59 AM,6:13:47 AM,0.951260133
75,5,19,7:24:56 AM,3:35:29 PM,0.340663043
75,5,10,7:49:39 AM,11:30:08 AM,0.153112604
75,5,9,7:50:03 AM,11:49:54 AM,0.166566033
75,5,3,7:50:15 AM,11:59:39 AM,0.173195068
75,5,16,8:05:23 AM,12:10:30 PM,0.170216736
75,5,5,8:27:47 AM,6:45:27 PM,0.428938537
75,5,15,8:30:07 AM,6:17:28 PM,0.40788677
75,5,17,8:40:24 AM,5:46:59 PM,0.37956851
75,5,13,8:59:38 AM,6:45:13 PM,0.406660017
76,6,20,8:00:47 AM,1:23:00 PM,0.223759408
76,6,11,8:08:42 AM,12:36:55 PM,0.18626214
76,6,6,8:14:00 AM,5:14:09 PM,0.375097815
76,6,1,8:17:00 AM,6:26:43 AM,0.923415873
76,6,15,8:33:10 AM,11:50:46 AM,0.137216303
76,6,9,8:35:28 AM,11:53:50 AM,0.137748021
76,6,3,8:48:01 AM,9:31:41 PM,0.530327409
76,6,16,8:57:31 AM,5:06:46 PM,0.339756962
76,6,12,9:12:46 AM,3:41:59 PM,0.270285818
76,6,5,9:16:46 AM,1:48:22 PM,0.188612106
76,6,14,9:32:50 AM,3:59:52 PM,0.268776226
76,6,19,9:38:03 AM,6:02:48 PM,0.350524047
76,6,18,9:51:19 AM,4:19:01 PM,0.269236074
76,6,4,10:03:58 AM,2:31:14 PM,0.185604692
76,6,17,10:20:59 AM,4:14:14 PM,0.245313162
76,6,8,10:31:16 AM,6:42:58 PM,0.341455827
76,6,13,10:32:54 AM,1:43:59 PM,0.132690863
76,6,10,10:43:50 AM,1:56:34 PM,0.133848601
76,6,2,10:47:18 AM,12:48:36 AM,0.584234964
76,6,7,10:49:40 AM,2:05:20 PM,0.135881473
77,7,16,8:04:59 AM,4:26:25 PM,0.348219758
77,7,15,8:21:03 AM,8:31:25 PM,0.507200582
77,7,7,8:43:16 AM,7:33:53 PM,0.451822455
77,7,8,9:09:30 AM,4:14:16 PM,0.294983098
77,7,4,9:09:35 AM,12:44:43 PM,0.149396243
77,7,6,9:26:13 AM,6:58:11 PM,0.39720092
77,7,11,9:26:22 AM,1:02:51 PM,0.150331338
77,7,13,9:34:11 AM,10:22:48 PM,0.533758914
77,7,9,9:41:08 AM,10:57:05 PM,0.552740673
77,7,20,9:41:33 AM,3:36:16 PM,0.246332746
77,7,19,9:45:20 AM,10:41:39 PM,0.539115332
77,7,17,10:08:45 AM,12:43:32 AM,0.607490521
77,7,18,10:23:53 AM,3:31:58 PM,0.213957146
77,7,14,10:25:10 AM,10:36:31 PM,0.507884255
77,7,1,10:28:19 AM,12:40:40 AM,0.591907806
77,7,12,10:34:58 AM,3:27:18 PM,0.203008258
77,7,3,10:36:24 AM,11:59:01 PM,0.557373624
77,7,2,10:44:36 AM,7:29:50 AM,0.864751051
77,7,5,10:53:35 AM,2:53:47 AM,0.666810868
77,7,10,10:54:07 AM,10:13:35 PM,0.471857646
78,1,18,6:17:05 AM,3:16:02 PM,0.374279947
78,1,13,6:45:59 AM,6:44:14 PM,0.498790615
78,1,15,6:50:54 AM,4:33:46 PM,0.404766566
78,1,5,6:58:27 AM,12:41:02 AM,0.737910572
78,1,11,7:16:21 AM,5:14:23 PM,0.415307688
78,1,10,7:20:38 AM,9:46:10 PM,0.601063715
78,1,8,7:22:41 AM,5:03:01 PM,0.403011331
78,1,17,7:24:10 AM,5:47:09 PM,0.432624781
78,1,7,7:26:21 AM,4:40:45 PM,0.385004023
78,1,16,7:35:16 AM,8:35:27 PM,0.541800499
78,1,2,8:05:07 AM,7:59:23 PM,0.496019271
78,1,19,8:11:17 AM,5:26:13 PM,0.385365276
78,1,20,8:27:55 AM,10:57:32 PM,0.603904271
78,1,14,8:29:15 AM,12:59:24 PM,0.187601218
78,1,1,8:30:38 AM,7:08:54 PM,0.443238752
78,1,3,8:45:52 AM,4:54:07 AM,0.839060379
78,1,9,8:46:05 AM,11:23:39 PM,0.609412711
78,1,12,8:48:23 AM,4:21:43 PM,0.314819254
78,1,6,8:54:34 AM,3:43:20 PM,0.283859734
78,1,4,8:56:12 AM,6:14:35 PM,0.387770491
79,2,7,6:09:19 AM,7:59:12 PM,0.576305302
79,2,17,6:28:14 AM,9:45:08 AM,0.136735353
79,2,3,6:30:47 AM,5:12:10 AM,0.945407044
79,2,9,7:10:56 AM,5:36:29 PM,0.434409333
79,2,1,7:14:32 AM,10:31:14 AM,0.136596194
79,2,13,7:22:14 AM,3:42:11 PM,0.347192276
79,2,5,7:23:01 AM,1:31:29 AM,0.755881986
79,2,19,7:31:50 AM,1:58:54 PM,0.268803579
79,2,15,7:37:04 AM,10:35:03 PM,0.623597579
79,2,10,7:42:00 AM,6:23:43 PM,0.4456379
79,2,8,7:46:57 AM,10:42:13 PM,0.621716538
79,2,11,8:00:41 AM,5:58:43 PM,0.415295533
79,2,2,8:01:35 AM,5:32:14 PM,0.39629206
79,2,20,8:16:52 AM,11:03:01 PM,0.615376586
79,2,12,8:28:45 AM,11:15:55 PM,0.616087739
79,2,16,8:31:48 AM,10:14:59 PM,0.571658449
79,2,18,8:32:09 AM,8:09:13 PM,0.484079487
79,2,6,8:33:22 AM,8:59:37 PM,0.518230833
79,2,14,8:35:12 AM,5:54:39 PM,0.388505855
79,2,4,8:52:09 AM,7:49:52 PM,0.456748493
80,3,14,6:13:37 AM,11:05:07 AM,0.202426459
80,3,12,6:27:24 AM,4:53:26 PM,0.43475309
80,3,8,6:28:01 AM,2:11:31 PM,0.321878042
80,3,2,6:28:22 AM,5:03:35 AM,0.941125886
80,3,4,6:32:21 AM,4:05:33 AM,0.898048814
80,3,9,6:33:41 AM,4:21:46 PM,0.408382663
80,3,18,6:38:42 AM,9:12:46 PM,0.606986652
80,3,19,6:39:58 AM,1:25:06 PM,0.281343744
80,3,17,6:40:44 AM,5:55:40 PM,0.468703018
80,3,13,7:10:21 AM,10:44:30 AM,0.148716235
80,3,3,7:19:47 AM,4:39:24 PM,0.388617393
80,3,7,7:20:38 AM,7:11:05 PM,0.493359959
80,3,10,7:31:46 AM,7:26:13 PM,0.496155118
80,3,16,7:35:10 AM,6:31:24 PM,0.455720437
80,3,20,7:56:21 AM,6:52:54 PM,0.455929805
80,3,15,8:14:31 AM,12:48:03 PM,0.18994894
80,3,5,8:24:18 AM,4:09:43 PM,0.323202018
80,3,1,8:25:35 AM,8:26:38 PM,0.500731847
80,3,6,8:30:28 AM,7:48:16 PM,0.470701236
80,3,11,8:50:50 AM,10:23:33 PM,0.564379797
81,4,11,6:10:28 AM,5:13:09 PM,0.460198742
81,4,13,6:20:58 AM,1:12:00 PM,0.285449907
81,4,15,6:36:11 AM,4:48:36 PM,0.425300345
81,4,18,6:40:02 AM,7:24:29 PM,0.530862708
81,4,10,7:15:13 AM,2:57:22 PM,0.320941021
81,4,5,7:27:25 AM,2:59:06 AM,0.81366859
81,4,12,7:28:22 AM,9:57:33 PM,0.603606429
81,4,14,7:29:41 AM,6:52:48 PM,0.474381062
81,4,6,7:30:04 AM,5:00:06 PM,0.395859727
81,4,4,7:37:07 AM,3:19:43 AM,0.821254425
81,4,3,7:46:41 AM,6:38:53 PM,0.452915616
81,4,9,8:03:07 AM,10:11:48 PM,0.589363364
81,4,16,8:06:00 AM,1:38:40 PM,0.231023285
81,4,1,8:09:32 AM,4:26:32 AM,0.845131494
81,4,20,8:12:25 AM,1:31:24 PM,0.22151326
81,4,17,8:18:04 AM,6:10:54 PM,0.411695372
81,4,7,8:27:58 AM,8:05:14 PM,0.484218009
81,4,19,8:35:36 AM,1:55:08 PM,0.221898545
81,4,2,8:44:50 AM,2:27:08 PM,0.237710308
81,4,8,8:50:30 AM,9:29:13 PM,0.526891418
82,5,6,6:03:03 AM,10:08:24 AM,0.170379445
82,5,15,6:07:36 AM,12:10:37 PM,0.252096893
82,5,10,6:29:10 AM,5:42:24 PM,0.467512294
82,5,4,6:32:26 AM,1:51:57 AM,0.805222216
82,5,16,6:45:31 AM,6:28:49 PM,0.488400077
82,5,7,6:58:30 AM,8:36:03 PM,0.567745856
82,5,1,7:17:57 AM,12:26:49 PM,0.214480775
82,5,5,7:18:40 AM,4:50:05 PM,0.39681729
82,5,17,7:22:34 AM,6:04:10 PM,0.445550749
82,5,9,7:22:56 AM,2:17:08 PM,0.287645288
82,5,20,7:35:04 AM,9:41:37 PM,0.587884222
82,5,18,7:38:49 AM,1:13:55 PM,0.232711036
82,5,13,7:41:51 AM,12:02:24 PM,0.180930622
82,5,11,7:43:08 AM,2:04:33 PM,0.264871089
82,5,3,7:47:37 AM,2:47:41 AM,0.791706121
82,5,2,8:04:05 AM,2:59:39 AM,0.788583324
82,5,14,8:07:58 AM,4:10:58 PM,0.335409068
82,5,8,8:36:08 AM,8:24:53 PM,0.492182776
82,5,19,8:42:50 AM,6:30:32 PM,0.408128023
82,5,12,8:55:48 AM,7:24:29 PM,0.436586985
83,6,1,8:04:48 AM,11:52:47 PM,0.65832545
83,6,6,8:06:51 AM,5:07:42 PM,0.375593625
83,6,13,8:11:33 AM,11:20:22 AM,0.131119906
83,6,7,8:38:48 AM,4:47:35 PM,0.339441352
83,6,5,8:50:18 AM,7:24:44 AM,0.940575417
83,6,10,8:54:43 AM,3:01:05 PM,0.254422991
83,6,14,8:55:24 AM,12:27:43 PM,0.147441683
83,6,15,9:03:07 AM,2:25:12 PM,0.223667259
83,6,12,9:26:52 AM,8:35:22 PM,0.464230968
83,6,2,9:54:11 AM,2:20:43 AM,0.685098787
83,6,3,9:56:43 AM,10:46:55 PM,0.534857336
83,6,4,10:01:21 AM,6:22:09 AM,0.847783365
83,6,9,10:02:23 AM,9:33:08 PM,0.479682667
83,6,19,10:17:43 AM,6:09:22 PM,0.327524788
83,6,11,10:24:47 AM,4:05:59 PM,0.236942957
83,6,8,10:37:27 AM,4:49:21 PM,0.258257545
83,6,18,10:43:27 AM,5:56:04 PM,0.300436419
83,6,17,10:51:39 AM,8:07:41 PM,0.386132249
83,6,16,10:54:09 AM,11:49:40 PM,0.538552211
83,6,20,10:55:28 AM,11:40:52 PM,0.531530396
84,7,7,8:00:39 AM,11:26:21 AM,0.142853168
84,7,4,8:11:42 AM,2:17:28 PM,0.253998323
84,7,19,8:14:08 AM,4:22:55 PM,0.339440641
84,7,3,8:15:31 AM,11:39:45 PM,0.641834765
84,7,10,8:19:54 AM,11:25:26 AM,0.128839131
84,7,8,8:22:46 AM,3:16:50 PM,0.287540157
84,7,14,8:30:25 AM,3:23:42 PM,0.286999478
84,7,5,8:31:29 AM,2:45:21 AM,0.759635577
84,7,20,8:38:09 AM,7:49:02 PM,0.465884487
84,7,2,8:40:51 AM,5:12:51 AM,0.855556305
84,7,1,8:41:00 AM,11:55:56 PM,0.635366981
84,7,6,8:46:22 AM,1:58:15 PM,0.216583746
84,7,15,8:55:28 AM,6:53:56 PM,0.41560299
84,7,18,9:46:38 AM,8:45:01 PM,0.457219177
84,7,16,10:17:23 AM,1:33:35 PM,0.136258426
84,7,9,10:33:15 AM,11:30:33 PM,0.539793535
84,7,12,10:40:46 AM,12:43:36 AM,0.585302601
84,7,11,10:48:40 AM,7:20:27 PM,0.355396461
84,7,17,10:48:47 AM,7:06:59 PM,0.345973054
84,7,13,10:54:41 AM,9:55:36 PM,0.458974162
85,1,13,6:01:49 AM,6:11:30 PM,0.506725036
85,1,19,6:02:50 AM,1:57:59 PM,0.329970632
85,1,20,6:10:59 AM,2:07:52 PM,0.331168958
85,1,14,6:14:57 AM,12:46:18 PM,0.271769113
85,1,11,6:28:44 AM,7:31:22 PM,0.543497125
85,1,4,6:40:26 AM,7:40:43 PM,0.54187098
85,1,16,6:43:13 AM,1:24:22 PM,0.278576391
85,1,10,6:47:14 AM,3:57:52 PM,0.382380863
85,1,1,6:49:36 AM,11:16:27 AM,0.185309352
85,1,7,6:58:42 AM,3:08:02 PM,0.33981671
85,1,5,6:58:43 AM,1:23:21 PM,0.267096661
85,1,18,7:07:18 AM,5:08:49 PM,0.417722046
85,1,2,7:10:24 AM,11:24:18 PM,0.676323091
85,1,17,7:23:16 AM,7:58:24 PM,0.524397712
85,1,6,8:09:11 AM,2:50:32 PM,0.278707392
85,1,15,8:11:51 AM,6:24:32 PM,0.425470158
85,1,12,8:13:50 AM,4:41:13 PM,0.352350739
85,1,9,8:31:19 AM,8:15:23 PM,0.488942747
85,1,3,8:56:45 AM,4:27:07 PM,0.312751806
85,1,8,8:58:28 AM,2:09:25 PM,0.215937715
86,2,7,6:01:09 AM,8:32:52 PM,0.605363026
86,2,14,6:22:58 AM,11:45:38 AM,0.224078077
86,2,10,6:23:29 AM,6:05:25 PM,0.487459315
86,2,13,6:27:56 AM,1:12:05 PM,0.280652031
86,2,17,6:29:39 AM,11:08:20 AM,0.193532564
86,2,15,6:31:00 AM,10:15:10 AM,0.155667765
86,2,2,6:37:43 AM,2:05:38 AM,0.811050442
86,2,9,6:54:50 AM,10:56:25 AM,0.16776129
86,2,8,7:07:38 AM,3:48:40 PM,0.361829927
86,2,18,7:14:27 AM,3:52:49 PM,0.359972545
86,2,19,7:16:29 AM,7:42:06 PM,0.517793637
86,2,16,7:19:39 AM,11:12:45 AM,0.161875568
86,2,3,7:23:36 AM,11:34:18 PM,0.674101226
86,2,20,7:34:19 AM,4:48:17 PM,0.384703456
86,2,11,7:40:59 AM,9:11:47 PM,0.563050029
86,2,1,7:44:19 AM,6:46:42 PM,0.459983882
86,2,12,7:49:22 AM,12:04:05 PM,0.176892403
86,2,5,7:56:17 AM,5:57:55 PM,0.417800005
86,2,4,8:42:45 AM,6:31:31 AM,0.908863039
86,2,6,8:57:27 AM,6:52:34 PM,0.413266246
87,3,19,6:03:19 AM,7:20:48 PM,0.553801527
87,3,2,6:09:09 AM,12:39:56 PM,0.271379901
87,3,3,6:13:52 AM,9:29:40 AM,0.135976751
87,3,10,6:35:02 AM,11:47:09 AM,0.216745543
87,3,4,6:35:53 AM,3:30:19 AM,0.87113542
87,3,6,7:08:47 AM,5:01:44 PM,0.411773649
87,3,20,7:16:03 AM,7:00:18 PM,0.489064903
87,3,17,7:22:57 AM,11:30:07 AM,0.171647572
87,3,5,7:57:57 AM,8:04:53 PM,0.504811672
87,3,16,7:58:15 AM,5:05:31 PM,0.380053765
87,3,11,8:05:32 AM,4:29:19 PM,0.349855186
87,3,1,8:07:37 AM,2:12:48 PM,0.253602383
87,3,13,8:12:43 AM,11:38:53 AM,0.143166116
87,3,12,8:22:02 AM,8:31:25 PM,0.506516582
87,3,9,8:23:20 AM,6:46:03 PM,0.432440949
87,3,14,8:28:23 AM,1:04:26 PM,0.191691343
87,3,8,8:31:39 AM,9:46:27 PM,0.551939515
87,3,15,8:32:18 AM,4:55:26 PM,0.349398235
87,3,18,8:43:33 AM,7:05:58 PM,0.432231577
87,3,7,8:54:30 AM,2:50:17 PM,0.247075292
88,4,8,6:13:51 AM,4:28:57 PM,0.427159389
88,4,16,6:21:40 AM,11:21:40 AM,0.208336166
88,4,4,6:37:49 AM,3:09:27 AM,0.855293641
88,4,6,6:52:55 AM,6:25:17 PM,0.480810772
88,4,1,7:27:44 AM,8:14:45 PM,0.532655138
88,4,14,7:29:35 AM,3:28:25 PM,0.332529227
88,4,18,7:39:05 AM,1:13:36 PM,0.232299634
88,4,3,7:41:29 AM,1:03:15 PM,0.223449624
88,4,13,7:45:24 AM,7:31:12 PM,0.490138212
88,4,9,7:53:37 AM,4:18:10 PM,0.350383513
88,4,20,8:05:17 AM,1:56:02 PM,0.243571547
88,4,11,8:07:51 AM,11:24:34 AM,0.136609939
88,4,2,8:10:45 AM,12:54:07 AM,0.696783393
88,4,12,8:11:08 AM,8:16:20 PM,0.503600535
88,4,7,8:18:07 AM,4:30:52 PM,0.342193524
88,4,17,8:23:54 AM,8:31:38 PM,0.505375404
88,4,15,8:28:46 AM,7:50:54 PM,0.473703901
88,4,5,8:48:23 AM,8:57:51 PM,0.50657152
88,4,19,8:51:54 AM,8:21:29 PM,0.478885865
88,4,10,8:57:48 AM,10:19:30 PM,0.556730146
89,5,2,6:01:10 AM,1:51:24 PM,0.326558752
89,5,4,6:02:20 AM,12:07:44 PM,0.253748938
89,5,8,6:26:35 AM,5:24:53 PM,0.457155224
89,5,11,6:29:27 AM,11:23:32 AM,0.204232258
89,5,7,6:45:14 AM,2:44:15 PM,0.332649405
89,5,17,6:48:09 AM,1:22:15 PM,0.273685066
89,5,19,6:56:52 AM,1:22:38 PM,0.267898716
89,5,3,6:57:30 AM,7:46:42 PM,0.534162508
89,5,13,7:01:35 AM,11:04:15 AM,0.168517005
89,5,6,7:08:08 AM,8:27:16 PM,0.554960702
89,5,15,7:17:23 AM,7:08:37 PM,0.493919188
89,5,1,7:55:25 AM,1:20:52 PM,0.226006458
89,5,16,7:56:14 AM,8:52:16 PM,0.538909812
89,5,14,8:11:37 AM,12:35:01 PM,0.182913201
89,5,20,8:13:49 AM,5:53:17 PM,0.402413874
89,5,9,8:20:54 AM,11:06:40 PM,0.615112099
89,5,18,8:30:12 AM,8:51:59 PM,0.515127684
89,5,10,8:31:41 AM,2:12:18 PM,0.236540284
89,5,5,8:33:24 AM,5:51:00 AM,0.887218642
89,5,12,8:54:36 AM,10:57:21 PM,0.585245192
90,6,4,8:01:48 AM,3:32:09 PM,0.312734753
90,6,20,8:17:40 AM,12:44:15 PM,0.185135912
90,6,15,8:20:57 AM,10:46:05 PM,0.600783977
90,6,11,8:38:53 AM,4:32:07 PM,0.328631496
90,6,18,8:43:58 AM,4:14:24 PM,0.312792163
90,6,7,8:50:07 AM,1:24:20 PM,0.190425719
90,6,10,9:12:44 AM,8:08:32 PM,0.455417946
90,6,19,9:15:17 AM,10:33:30 PM,0.554318269
90,6,12,9:32:35 AM,6:52:59 PM,0.389166903
90,6,3,9:42:54 AM,7:56:53 AM,0.926381381
90,6,16,9:52:45 AM,11:42:24 PM,0.576139262
90,6,14,9:54:39 AM,10:43:20 PM,0.533818389
90,6,13,10:00:33 AM,5:07:31 PM,0.296515374
90,6,17,10:02:11 AM,4:28:38 PM,0.268367446
90,6,2,10:06:15 AM,6:14:16 PM,0.338905674
90,6,1,10:28:49 AM,11:41:29 PM,0.550462176
90,6,8,10:35:06 AM,3:01:31 PM,0.18500067
90,6,5,10:36:57 AM,5:57:57 AM,0.80625409
90,6,9,10:47:37 AM,7:59:36 PM,0.383326524
90,6,6,10:53:56 AM,8:52:12 PM,0.415459335
91,7,9,8:00:42 AM,11:34:25 AM,0.148405334
91,7,1,8:27:18 AM,4:51:27 AM,0.850103414
91,7,16,8:28:42 AM,12:03:25 PM,0.149106177
91,7,12,8:35:42 AM,8:08:33 PM,0.481150566
91,7,2,8:55:21 AM,2:55:41 PM,0.250239923
91,7,8,9:04:45 AM,5:32:10 PM,0.352377572
91,7,18,9:09:33 AM,2:48:34 PM,0.235437433
91,7,3,9:11:25 AM,2:23:47 AM,0.716920249
91,7,13,9:12:25 AM,5:46:12 PM,0.356789818
91,7,7,9:12:40 AM,2:14:04 PM,0.209300247
91,7,19,9:41:25 AM,11:42:41 PM,0.584205427
91,7,20,9:43:42 AM,10:03:27 PM,0.513715539
91,7,6,9:46:54 AM,6:52:59 PM,0.379223125
91,7,15,9:56:07 AM,12:03:06 AM,0.588175815
91,7,4,9:58:31 AM,5:16:00 PM,0.303813983
91,7,14,10:04:25 AM,11:05:33 PM,0.542448674
91,7,11,10:15:35 AM,5:16:52 PM,0.292555946
91,7,17,10:17:24 AM,6:27:34 PM,0.340395286
91,7,5,10:51:50 AM,6:33:32 PM,0.32062248
91,7,10,10:53:53 AM,3:10:17 PM,0.178052436
92,1,10,6:12:30 AM,8:36:11 PM,0.599786106
92,1,13,6:12:44 AM,3:52:05 PM,0.402323489
92,1,1,6:12:47 AM,2:39:45 PM,0.352060768
92,1,4,6:52:18 AM,11:28:37 PM,0.691889407
92,1,5,7:14:55 AM,8:15:23 PM,0.541997439
92,1,14,7:37:42 AM,11:12:05 AM,0.148874773
92,1,11,7:44:41 AM,6:20:16 PM,0.441374931
92,1,8,7:45:45 AM,10:33:51 PM,0.616727407
92,1,20,7:51:08 AM,3:14:59 PM,0.308227167
92,1,17,8:05:42 AM,12:20:06 PM,0.176666303
92,1,3,8:14:33 AM,2:27:40 AM,0.759103614
92,1,19,8:17:30 AM,8:34:20 PM,0.511688142
92,1,9,8:23:46 AM,10:14:45 PM,0.577061713
92,1,15,8:28:20 AM,3:59:04 PM,0.313015116
92,1,16,8:29:17 AM,12:22:55 PM,0.162247273
92,1,7,8:33:39 AM,2:55:42 PM,0.265309035
92,1,2,8:33:43 AM,2:50:18 PM,0.261509934
92,1,6,8:46:52 AM,4:40:50 PM,0.329138049
92,1,12,8:53:21 AM,7:20:36 PM,0.435592416
92,1,18,8:57:50 AM,9:05:48 PM,0.505524167
93,2,20,6:00:38 AM,7:13:39 PM,0.550703451
93,2,18,6:01:02 AM,7:11:03 PM,0.548624256
93,2,13,6:11:00 AM,5:02:39 PM,0.452539223
93,2,15,6:20:04 AM,10:34:18 AM,0.176548118
93,2,11,6:31:50 AM,8:51:15 PM,0.596817079
93,2,19,6:43:56 AM,4:43:19 PM,0.416245238
93,2,3,6:49:52 AM,4:58:44 AM,0.922826795
93,2,12,6:57:33 AM,11:43:42 AM,0.198714404
93,2,7,7:07:17 AM,8:44:33 PM,0.567544617
93,2,9,7:08:15 AM,3:28:56 PM,0.347696186
93,2,4,7:19:13 AM,1:40:59 PM,0.265123549
93,2,2,7:20:53 AM,12:27:53 AM,0.713201533
93,2,1,7:32:41 AM,9:51:03 PM,0.596088553
93,2,8,8:10:51 AM,6:59:01 PM,0.450117595
93,2,5,8:12:03 AM,12:10:54 AM,0.665869902
93,2,10,8:25:45 AM,2:10:21 PM,0.239304822
93,2,16,8:34:26 AM,5:22:14 PM,0.366532803
93,2,17,8:44:40 AM,9:59:58 PM,0.552295994
93,2,14,8:56:49 AM,9:10:18 PM,0.50936676
93,2,6,8:59:10 AM,7:00:42 PM,0.417737579
94,3,9,6:18:50 AM,1:05:11 PM,0.28218865
94,3,3,6:40:57 AM,3:21:48 AM,0.861702474
94,3,8,6:47:15 AM,5:27:00 PM,0.444276762
94,3,19,6:48:03 AM,8:16:03 PM,0.561110765
94,3,7,6:55:01 AM,11:02:37 AM,0.17194893
94,3,1,6:56:08 AM,12:58:06 AM,0.751365356
94,3,6,7:06:59 AM,4:26:07 PM,0.388296747
94,3,20,7:12:05 AM,12:30:44 PM,0.221277171
94,3,4,7:23:16 AM,11:41:30 AM,0.179325108
94,3,2,7:23:55 AM,4:30:34 AM,0.879619883
94,3,13,7:36:14 AM,2:01:34 PM,0.267592531
94,3,12,7:43:57 AM,6:14:38 PM,0.437970381
94,3,16,7:54:53 AM,5:43:48 PM,0.408965764
94,3,5,7:57:48 AM,3:41:37 PM,0.322095182
94,3,14,8:01:35 AM,5:05:31 PM,0.377727954
94,3,10,8:02:09 AM,4:23:50 PM,0.348388934
94,3,17,8:24:00 AM,9:53:52 PM,0.562408967
94,3,11,8:25:16 AM,8:16:31 PM,0.493921271
94,3,18,8:31:08 AM,10:08:47 PM,0.567811822
94,3,15,8:40:55 AM,2:26:39 PM,0.240095703
95,4,2,6:02:02 AM,10:49:00 AM,0.199280623
95,4,17,6:08:10 AM,3:01:03 PM,0.370063908
95,4,3,6:17:29 AM,6:29:46 PM,0.508533181
95,4,12,6:21:43 AM,9:32:35 AM,0.132549593
95,4,6,6:27:28 AM,3:21:32 PM,0.370871732
95,4,16,6:28:52 AM,4:05:36 PM,0.400511445
95,4,13,6:38:16 AM,1:32:33 PM,0.287693098
95,4,18,6:39:14 AM,7:52:20 PM,0.55076127
95,4,1,6:58:06 AM,11:18:52 AM,0.181086732
95,4,20,7:02:51 AM,10:19:01 AM,0.136225367
95,4,4,7:12:55 AM,11:15:42 PM,0.668595644
95,4,7,7:19:58 AM,9:53:12 PM,0.606409171
95,4,11,7:20:08 AM,3:53:58 PM,0.356833828
95,4,9,7:20:50 AM,9:16:03 PM,0.580009818
95,4,10,7:24:46 AM,6:32:04 PM,0.463398698
95,4,5,7:30:26 AM,6:16:23 PM,0.448579765
95,4,8,8:40:54 AM,2:16:11 PM,0.232831548
95,4,14,8:42:57 AM,6:57:22 PM,0.426676288
95,4,19,8:44:20 AM,7:28:26 PM,0.447294876
95,4,15,8:56:06 AM,12:36:25 PM,0.152999956
96,5,16,6:03:59 AM,8:02:10 PM,0.582065367
96,5,14,6:13:14 AM,3:49:33 PM,0.400227417
96,5,9,6:16:38 AM,7:56:19 PM,0.569224735
96,5,2,6:25:02 AM,5:32:22 PM,0.463424163
96,5,20,6:28:47 AM,11:00:09 AM,0.188444595
96,5,15,6:43:12 AM,10:42:38 AM,0.166268396
96,5,7,6:45:17 AM,6:29:15 PM,0.488866856
96,5,11,6:57:38 AM,8:58:46 PM,0.584120774
96,5,10,7:03:15 AM,8:13:10 PM,0.548550866
96,5,8,7:06:23 AM,2:42:05 PM,0.316460772
96,5,12,7:11:50 AM,7:49:44 PM,0.526316127
96,5,18,7:23:54 AM,1:14:26 PM,0.243424622
96,5,1,7:25:10 AM,11:05:03 AM,0.152698546
96,5,6,7:43:59 AM,5:41:54 PM,0.415220408
96,5,4,7:51:23 AM,5:39:28 PM,0.408393146
96,5,19,8:01:33 AM,6:58:38 PM,0.456310331
96,5,13,8:06:55 AM,5:27:41 PM,0.389419339
96,5,17,8:08:36 AM,9:05:12 PM,0.53929792
96,5,5,8:16:17 AM,7:48:01 PM,0.480372223
96,5,3,8:24:01 AM,9:47:08 PM,0.55771751
97,6,9,8:10:02 AM,10:27:02 PM,0.595136112
97,6,16,8:13:10 AM,4:19:26 PM,0.33768645
97,6,12,8:33:06 AM,3:32:03 PM,0.290934865
97,6,7,8:35:41 AM,11:00:12 PM,0.600359707
97,6,8,8:35:50 AM,2:14:46 PM,0.235369904
97,6,3,8:42:32 AM,12:12:18 AM,0.645669717
97,6,15,8:47:07 AM,3:27:24 PM,0.277980783
97,6,2,8:52:38 AM,11:01:12 PM,0.589277309
97,6,11,9:11:09 AM,5:13:51 PM,0.335204862
97,6,17,9:22:24 AM,4:08:04 PM,0.281710029
97,6,19,9:29:19 AM,8:31:15 PM,0.459678925
97,6,4,9:35:34 AM,2:24:22 AM,0.700564976
97,6,6,9:36:29 AM,10:19:20 PM,0.529754998
97,6,5,9:40:32 AM,7:57:36 AM,0.928526011
97,6,18,9:49:33 AM,12:55:10 PM,0.128904227
97,6,10,10:02:06 AM,8:06:28 PM,0.419695706
97,6,20,10:02:10 AM,6:17:51 PM,0.344230467
97,6,14,10:03:52 AM,11:26:02 PM,0.557066197
97,6,1,10:27:14 AM,9:08:24 AM,0.945250975
97,6,13,10:58:13 AM,2:10:28 PM,0.133513745
98,7,1,8:10:37 AM,7:43:16 PM,0.481011979
98,7,15,8:17:08 AM,5:30:31 PM,0.384295812
98,7,14,8:25:12 AM,4:33:45 PM,0.339274305
98,7,3,8:34:03 AM,3:24:07 PM,0.284768797
98,7,13,9:05:58 AM,3:34:52 PM,0.270075429
98,7,2,9:12:50 AM,7:44:03 PM,0.438347989
98,7,7,9:20:04 AM,12:27:13 PM,0.129965778
98,7,10,9:21:03 AM,12:17:46 AM,0.622719218
98,7,8,9:30:11 AM,7:00:54 PM,0.39633383
98,7,20,9:45:45 AM,2:32:42 PM,0.199270473
98,7,9,9:45:46 AM,5:49:17 PM,0.335779477
98,7,19,9:50:02 AM,10:59:04 PM,0.547939376
98,7,16,9:55:54 AM,7:46:09 PM,0.409898137
98,7,12,10:06:05 AM,3:28:36 PM,0.223971422
98,7,11,10:06:40 AM,9:33:31 PM,0.476975704
98,7,18,10:06:43 AM,8:08:42 PM,0.418044925
98,7,4,10:25:02 AM,5:06:26 PM,0.278755857
98,7,6,10:34:16 AM,8:42:17 PM,0.422232281
98,7,5,10:35:04 AM,9:23:33 AM,0.950331918
98,7,17,10:47:02 AM,12:02:31 AM,0.552419727
,,,,,
,,,,,
,,,,,
,,,,,
,,,,,
,,,,,
,,,,,
,,,,,
,,,,,
,,,,,
,,,,,
,,,,,
,,,,,
,,,,,
,,,,,
,,,,,
,,,,,
,,,,,
,,,,,
,,,,,
,,,,,
,,,,,
,,,,,
,,,,,
,,,,,
,,,,,
,,,,,
,,,,,
,,,,,
,,,,,
,,,,,
,,,,,
,,,,,
,,,,,
,,,,,
,,,,,
,,,,,
,,,,,
,,,,,
,,,,,
,,,,,
,,,,,
,,,,,
,,,,,
,,,,,
,,,,,
,,,,,
,,,,,
,,,,,
,,,,,
,,,,,
,,,,,
,,,,,
,,,,,
,,,,,
,,,,,
,,,,,
,,,,,
,,,,,
,,,,,
,,,,,
,,,,,
,,,,,
,,,,,
,,,,,
,,,,,
,,,,,
,,,,,
,,,,,
,,,,,
,,,,,
,,,,,
,,,,,
,,,,,
,,,,,
,,,,,
,,,,,
,,,,,
,,,,,
,,,,,
,,,,,
,,,,,
,,,,,
,,,,,
,,,,,
,,,,,
,,,,,
,,,,,
,,,,,
,,,,,
,,,,,
,,,,,
,,,,,
,,,,,
,,,,,
,,,,,
,,,,,
,,,,,
,,,,,
,,,,,
,,,,,
,,,,,
,,,,,
,,,,,
,,,,,
,,,,,
,,,,,
,,,,,
,,,,,
,,,,,
,,,,,
,,,,,
,,,,,
,,,,,
,,,,,
,,,,,
,,,,,
,,,,,
,,,,,
,,,,,
,,,,,
,,,,,
,,,,,
,,,,,
,,,,,
,,,,,
,,,,,
,,,,,
,,,,,
,,,,,
,,,,,
,,,,,
,,,,,
,,,,,
,,,,,
,,,,,
,,,,,
,,,,,
,,,,,
,,,,,
,,,,,
,,,,,
,,,,,
,,,,,
,,,,,
,,,,,
,,,,,
,,,,,
,,,,,
,,,,,
,,,,,
,,,,,
,,,,,
,,,,,
,,,,,
,,,,,
,,,,,
,,,,,
,,,,,
,,,,,
,,,,,
,,,,,
