,Week,Child,RemainStock,Type,MaxPrice,n,V,Parent,Price,UCB
0,0,"[1, 2, 3, 4, 5, 6, 7, 8, 9, 10]","{'A': 10, 'B': 10, 'C': 10}",D,999,100,8510.999999999998,,,
1,0,"[11, 80, 82, 225, 268]",,S,,7,2970.0,0,99,2971.6221978364442
2,0,"[69, 74, 351, 526, 705, 825, 862, 1205]",,S,,8,5170.0,0,199,5171.517427129385
3,0,"[27, 45, 86, 187, 193, 258, 301, 411, 520, 547, 609, 886, 894, 1055]",,S,,18,6981.111111111111,0,299,6982.122729197368
4,0,"[94, 180, 307, 379, 553, 945]",,S,,7,8727.142857142857,0,399,8728.765054979302
5,0,"[245, 451, 685, 747, 1062, 1233]",,S,,7,9612.857142857143,0,499,9614.479340693588
6,0,"[227, 319, 469, 495, 619, 694, 734, 759, 815, 834, 959, 985, 1122, 1210]",,S,,15,10443.333333333334,0,599,10444.44150542418
7,0,"[15, 35, 153, 201, 648, 711, 868, 1001, 1025]",,S,,11,12188.181818181818,0,699,12189.475884385827
8,0,"[354, 561, 596, 631, 782, 800, 1079]",,S,,8,10057.5,0,799,10059.017427129385
9,0,"[57, 337, 532, 1153]",,S,,7,9398.57142857143,0,899,9400.193626407874
10,0,[102],,S,,12,8161.666666666668,0,999,8162.9056407296175
11,2,[12],"{'A': 4, 'B': 6, 'C': 6}",D,99,1,2970.0,1,,
12,2,[13],,S,,1,2970.0,11,99,2970.0
13,3,[14],"{'A': 0, 'B': 1, 'C': 1}",D,99,1,2970.0,12,,
14,3,[],,S,,0,0,13,99,inf
15,14,"[16, 17, 18, 19, 20, 21, 22]","{'A': 9, 'B': 10, 'C': 9}",D,699,1,4170.0,7,,
16,14,[23],,S,,1,4170.0,15,99,4170.0
17,14,[],,S,,0,0,15,199,inf
18,14,[],,S,,0,0,15,299,inf
19,14,[],,S,,0,0,15,399,inf
20,14,[],,S,,0,0,15,499,inf
21,14,[],,S,,0,0,15,599,inf
22,14,[],,S,,0,0,15,699,inf
23,15,[24],"{'A': 4, 'B': 6, 'C': 5}",D,99,1,4170.0,16,,
24,15,[25],,S,,1,4170.0,23,99,4170.0
25,16,[26],"{'A': 0, 'B': 2, 'C': 0}",D,99,1,4170.0,24,,
26,16,[],,S,,0,0,25,99,inf
27,26,"[28, 29, 30]","{'A': 7, 'B': 5, 'C': 7}",D,299,1,8170.0,3,,
28,26,[],,S,,0,0,27,99,inf
29,26,[],,S,,0,0,27,199,inf
30,26,[31],,S,,1,8170.0,27,299,8170.0
31,27,"[32, 33, 34]","{'A': 3, 'B': 2, 'C': 3}",D,299,1,8170.0,30,,
32,27,[],,S,,0,0,31,99,inf
33,27,[],,S,,0,0,31,199,inf
34,27,[],,S,,0,0,31,299,inf
35,38,"[36, 37, 38, 39, 40, 41, 42]","{'A': 8, 'B': 7, 'C': 9}",D,699,1,6570.0,7,,
36,38,[43],,S,,1,6570.0,35,99,6570.0
37,38,[],,S,,0,0,35,199,inf
38,38,[],,S,,0,0,35,299,inf
39,38,[],,S,,0,0,35,399,inf
40,38,[],,S,,0,0,35,499,inf
41,38,[],,S,,0,0,35,599,inf
42,38,[],,S,,0,0,35,699,inf
43,39,[44],"{'A': 2, 'B': 1, 'C': 4}",D,99,1,6570.0,36,,
44,39,[],,S,,0,0,43,99,inf
45,50,"[46, 47, 48]","{'A': 4, 'B': 8, 'C': 5}",D,299,1,8470.0,3,,
46,50,[],,S,,0,0,45,99,inf
47,50,[],,S,,0,0,45,199,inf
48,50,[49],,S,,1,8470.0,45,299,8470.0
49,51,"[50, 51, 52]","{'A': 0, 'B': 6, 'C': 1}",D,299,1,8470.0,48,,
50,51,[],,S,,0,0,49,99,inf
51,51,[],,S,,0,0,49,199,inf
52,51,[53],,S,,1,8470.0,49,299,8470.0
53,52,"[54, 55, 56]","{'A': 0, 'B': 5, 'C': 0}",D,299,1,8470.0,52,,
54,52,[],,S,,0,0,53,99,inf
55,52,[],,S,,0,0,53,199,inf
56,52,[],,S,,0,0,53,299,inf
57,62,"[58, 59, 60, 61, 62, 63, 64, 65, 66]","{'A': 10, 'B': 9, 'C': 10}",D,899,2,10120.0,9,,
58,62,[67],,S,,1,3770.0,57,99,3771.6651092223156
59,62,[],,S,,0,0,57,199,inf
60,62,[],,S,,0,0,57,299,inf
61,62,[],,S,,0,0,57,399,inf
62,62,[],,S,,0,0,57,499,inf
63,62,[],,S,,0,0,57,599,inf
64,62,[],,S,,0,0,57,699,inf
65,62,[274],,S,,1,16470.0,57,799,16471.665109222315
66,62,[],,S,,0,0,57,899,inf
67,63,[68],"{'A': 6, 'B': 4, 'C': 4}",D,99,1,3770.0,58,,
68,63,[],,S,,0,0,67,99,inf
69,74,"[70, 71]","{'A': 3, 'B': 6, 'C': 7}",D,199,1,4370.0,2,,
70,74,[72],,S,,1,4370.0,69,99,4370.0
71,74,[],,S,,0,0,69,199,inf
72,75,[73],"{'A': 0, 'B': 0, 'C': 1}",D,99,1,4370.0,70,,
73,75,[],,S,,0,0,72,99,inf
74,86,"[75, 76]","{'A': 5, 'B': 6, 'C': 5}",D,199,1,5770.0,2,,
75,86,[],,S,,0,0,74,99,inf
76,86,[77],,S,,1,5770.0,74,199,5770.0
77,87,"[78, 79]","{'A': 0, 'B': 1, 'C': 1}",D,199,1,5770.0,76,,
78,87,[],,S,,0,0,77,99,inf
79,87,[],,S,,0,0,77,199,inf
80,98,[81],"{'A': 5, 'B': 6, 'C': 5}",D,99,1,2970.0,1,,
81,98,[],,S,,0,0,80,99,inf
82,110,[83],"{'A': 5, 'B': 7, 'C': 6}",D,99,1,2970.0,1,,
83,110,[84],,S,,1,2970.0,82,99,2970.0
84,111,[85],"{'A': 0, 'B': 1, 'C': 0}",D,99,1,2970.0,83,,
85,111,[],,S,,0,0,84,99,inf
86,122,"[87, 88, 89]","{'A': 5, 'B': 6, 'C': 5}",D,299,3,8436.666666666666,3,,
87,122,[],,S,,0,0,86,99,inf
88,122,[],,S,,0,0,86,199,inf
89,122,"[90, 465]",,S,,3,8436.666666666666,86,299,8437.876962657278
90,123,"[91, 92, 93]","{'A': 4, 'B': 3, 'C': 0}",D,299,2,8970.0,89,,
91,123,[],,S,,0,0,90,99,inf
92,123,[],,S,,0,0,90,199,inf
93,123,[],,S,,0,0,90,299,inf
94,134,"[95, 96, 97, 98]","{'A': 6, 'B': 5, 'C': 8}",D,399,2,8970.0,4,,
95,134,[],,S,,0,0,94,99,inf
96,134,[99],,S,,1,7870.0,94,199,7871.665109222316
97,134,[1099],,S,,1,10070.0,94,299,10071.665109222315
98,134,[],,S,,0,0,94,399,inf
99,135,"[100, 101]","{'A': 0, 'B': 0, 'C': 3}",D,199,1,7870.0,96,,
100,135,[],,S,,0,0,99,99,inf
101,135,[],,S,,0,0,99,199,inf
102,146,"[103, 104, 105, 106, 107, 108, 109, 110, 111, 112]","{'A': 10, 'B': 10, 'C': 10}",D,999,12,8161.666666666668,10,,
103,146,[955],,S,,1,2970.0,102,99,2973.152717335752
104,146,"[459, 1074]",,S,,2,4870.0,102,199,4872.229307807274
105,146,[440],,S,,1,7870.0,102,299,7873.152717335752
106,146,[1172],,S,,1,6870.0,102,399,6873.152717335752
107,146,[],,S,,0,0,102,499,inf
108,146,"[419, 510, 586]",,S,,3,10136.666666666666,102,599,10138.486888869142
109,146,[],,S,,0,0,102,699,inf
110,146,"[843, 900, 1109]",,S,,3,8036.666666666667,102,799,8038.486888869143
111,146,[113],,S,,1,15970.0,102,899,15973.152717335752
112,146,[],,S,,0,0,102,999,inf
113,147,"[114, 115, 116, 117, 118, 119, 120, 121, 122]","{'A': 9, 'B': 9, 'C': 10}",D,899,1,15970.0,111,,
114,147,[],,S,,0,0,113,99,inf
115,147,[],,S,,0,0,113,199,inf
116,147,[],,S,,0,0,113,299,inf
117,147,[],,S,,0,0,113,399,inf
118,147,[],,S,,0,0,113,499,inf
119,147,[],,S,,0,0,113,599,inf
120,147,[],,S,,0,0,113,699,inf
121,147,[123],,S,,1,15970.0,113,799,15970.0
122,147,[],,S,,0,0,113,899,inf
123,148,"[124, 125, 126, 127, 128, 129, 130, 131]","{'A': 7, 'B': 8, 'C': 10}",D,799,1,15970.0,121,,
124,148,[],,S,,0,0,123,99,inf
125,148,[],,S,,0,0,123,199,inf
126,148,[],,S,,0,0,123,299,inf
127,148,[],,S,,0,0,123,399,inf
128,148,[],,S,,0,0,123,499,inf
129,148,[],,S,,0,0,123,599,inf
130,148,[],,S,,0,0,123,699,inf
131,148,[132],,S,,1,15970.0,123,799,15970.0
132,149,"[133, 134, 135, 136, 137, 138, 139, 140]","{'A': 5, 'B': 7, 'C': 10}",D,799,1,15970.0,131,,
133,149,[],,S,,0,0,132,99,inf
134,149,[],,S,,0,0,132,199,inf
135,149,[],,S,,0,0,132,299,inf
136,149,[],,S,,0,0,132,399,inf
137,149,[141],,S,,1,15970.0,132,499,15970.0
138,149,[],,S,,0,0,132,599,inf
139,149,[],,S,,0,0,132,699,inf
140,149,[],,S,,0,0,132,799,inf
141,150,"[142, 143, 144, 145, 146]","{'A': 2, 'B': 5, 'C': 6}",D,499,1,15970.0,137,,
142,150,[],,S,,0,0,141,99,inf
143,150,[],,S,,0,0,141,199,inf
144,150,[],,S,,0,0,141,299,inf
145,150,[],,S,,0,0,141,399,inf
146,150,[147],,S,,1,15970.0,141,499,15970.0
147,151,"[148, 149, 150, 151, 152]","{'A': 0, 'B': 4, 'C': 4}",D,499,1,15970.0,146,,
148,151,[],,S,,0,0,147,99,inf
149,151,[],,S,,0,0,147,199,inf
150,151,[],,S,,0,0,147,299,inf
151,151,[],,S,,0,0,147,399,inf
152,151,[],,S,,0,0,147,499,inf
153,158,"[154, 155, 156, 157, 158, 159, 160]","{'A': 9, 'B': 8, 'C': 8}",D,699,2,14320.0,7,,
154,158,[],,S,,0,0,153,99,inf
155,158,[],,S,,0,0,153,199,inf
156,158,[],,S,,0,0,153,299,inf
157,158,[],,S,,0,0,153,399,inf
158,158,[],,S,,0,0,153,499,inf
159,158,[393],,S,,1,15370.0,153,599,15371.665109222315
160,158,[161],,S,,1,13270.0,153,699,13271.665109222315
161,159,"[162, 163, 164, 165, 166, 167, 168]","{'A': 7, 'B': 8, 'C': 5}",D,699,1,13270.0,160,,
162,159,[],,S,,0,0,161,99,inf
163,159,[],,S,,0,0,161,199,inf
164,159,[],,S,,0,0,161,299,inf
165,159,[],,S,,0,0,161,399,inf
166,159,[],,S,,0,0,161,499,inf
167,159,[],,S,,0,0,161,599,inf
168,159,[169],,S,,1,13270.0,161,699,13270.0
169,160,"[170, 171, 172, 173, 174, 175, 176]","{'A': 6, 'B': 5, 'C': 4}",D,699,1,13270.0,168,,
170,160,[],,S,,0,0,169,99,inf
171,160,[177],,S,,1,13270.0,169,199,13270.0
172,160,[],,S,,0,0,169,299,inf
173,160,[],,S,,0,0,169,399,inf
174,160,[],,S,,0,0,169,499,inf
175,160,[],,S,,0,0,169,599,inf
176,160,[],,S,,0,0,169,699,inf
177,161,"[178, 179]","{'A': 2, 'B': 0, 'C': 0}",D,199,1,13270.0,171,,
178,161,[],,S,,0,0,177,99,inf
179,161,[],,S,,0,0,177,199,inf
180,170,"[181, 182, 183, 184]","{'A': 7, 'B': 5, 'C': 9}",D,399,1,5670.0,4,,
181,170,[185],,S,,1,5670.0,180,99,5670.0
182,170,[],,S,,0,0,180,199,inf
183,170,[],,S,,0,0,180,299,inf
184,170,[],,S,,0,0,180,399,inf
185,171,[186],"{'A': 1, 'B': 1, 'C': 5}",D,99,1,5670.0,181,,
186,171,[],,S,,0,0,185,99,inf
187,182,"[188, 189, 190]","{'A': 5, 'B': 6, 'C': 7}",D,299,1,5370.0,3,,
188,182,[191],,S,,1,5370.0,187,99,5370.0
189,182,[],,S,,0,0,187,199,inf
190,182,[],,S,,0,0,187,299,inf
191,183,[192],"{'A': 1, 'B': 2, 'C': 3}",D,99,1,5370.0,188,,
192,183,[],,S,,0,0,191,99,inf
193,194,"[194, 195, 196]","{'A': 6, 'B': 7, 'C': 8}",D,299,1,6370.0,3,,
194,194,[],,S,,0,0,193,99,inf
195,194,[],,S,,0,0,193,199,inf
196,194,[197],,S,,1,6370.0,193,299,6370.0
197,195,"[198, 199, 200]","{'A': 3, 'B': 3, 'C': 7}",D,299,1,6370.0,196,,
198,195,[],,S,,0,0,197,99,inf
199,195,[],,S,,0,0,197,199,inf
200,195,[],,S,,0,0,197,299,inf
201,206,"[202, 203, 204, 205, 206, 207, 208]","{'A': 8, 'B': 8, 'C': 8}",D,699,2,11570.0,7,,
202,206,[],,S,,0,0,201,99,inf
203,206,[831],,S,,1,8970.0,201,199,8971.665109222315
204,206,[],,S,,0,0,201,299,inf
205,206,[],,S,,0,0,201,399,inf
206,206,[],,S,,0,0,201,499,inf
207,206,[],,S,,0,0,201,599,inf
208,206,[209],,S,,1,14170.0,201,699,14171.665109222315
209,207,"[210, 211, 212, 213, 214, 215, 216]","{'A': 7, 'B': 7, 'C': 6}",D,699,1,14170.0,208,,
210,207,[],,S,,0,0,209,99,inf
211,207,[],,S,,0,0,209,199,inf
212,207,[],,S,,0,0,209,299,inf
213,207,[217],,S,,1,14170.0,209,399,14170.0
214,207,[],,S,,0,0,209,499,inf
215,207,[],,S,,0,0,209,599,inf
216,207,[],,S,,0,0,209,699,inf
217,208,"[218, 219, 220, 221]","{'A': 3, 'B': 1, 'C': 0}",D,399,1,14170.0,213,,
218,208,[],,S,,0,0,217,99,inf
219,208,[222],,S,,1,14170.0,217,199,14170.0
220,208,[],,S,,0,0,217,299,inf
221,208,[],,S,,0,0,217,399,inf
222,209,"[223, 224]","{'A': 2, 'B': 0, 'C': 0}",D,199,1,14170.0,219,,
223,209,[],,S,,0,0,222,99,inf
224,209,[],,S,,0,0,222,199,inf
225,218,[226],"{'A': 5, 'B': 5, 'C': 5}",D,99,2,2970.0,1,,
226,218,[],,S,,0,0,225,99,inf
227,230,"[228, 229, 230, 231, 232, 233]","{'A': 7, 'B': 8, 'C': 7}",D,599,1,11970.0,6,,
228,230,[],,S,,0,0,227,99,inf
229,230,[],,S,,0,0,227,199,inf
230,230,[],,S,,0,0,227,299,inf
231,230,[],,S,,0,0,227,399,inf
232,230,[234],,S,,1,11970.0,227,499,11970.0
233,230,[],,S,,0,0,227,599,inf
234,231,"[235, 236, 237, 238, 239]","{'A': 6, 'B': 7, 'C': 4}",D,499,1,11970.0,232,,
235,231,[],,S,,0,0,234,99,inf
236,231,[],,S,,0,0,234,199,inf
237,231,[],,S,,0,0,234,299,inf
238,231,[240],,S,,1,11970.0,234,399,11970.0
239,231,[],,S,,0,0,234,499,inf
240,232,"[241, 242, 243, 244]","{'A': 2, 'B': 5, 'C': 0}",D,399,1,11970.0,238,,
241,232,[],,S,,0,0,240,99,inf
242,232,[],,S,,0,0,240,199,inf
243,232,[],,S,,0,0,240,299,inf
244,232,[],,S,,0,0,240,399,inf
245,242,"[246, 247, 248, 249, 250]","{'A': 8, 'B': 8, 'C': 7}",D,499,1,9370.0,5,,
246,242,[],,S,,0,0,245,99,inf
247,242,[],,S,,0,0,245,199,inf
248,242,[],,S,,0,0,245,299,inf
249,242,[251],,S,,1,9370.0,245,399,9370.0
250,242,[],,S,,0,0,245,499,inf
251,243,"[252, 253, 254, 255]","{'A': 5, 'B': 3, 'C': 3}",D,399,1,9370.0,249,,
252,243,[256],,S,,1,9370.0,251,99,9370.0
253,243,[],,S,,0,0,251,199,inf
254,243,[],,S,,0,0,251,299,inf
255,243,[],,S,,0,0,251,399,inf
256,244,[257],"{'A': 1, 'B': 0, 'C': 0}",D,99,1,9370.0,252,,
257,244,[],,S,,0,0,256,99,inf
258,254,"[259, 260, 261]","{'A': 4, 'B': 8, 'C': 7}",D,299,1,6970.0,3,,
259,254,[],,S,,0,0,258,99,inf
260,254,[],,S,,0,0,258,199,inf
261,254,[262],,S,,1,6970.0,258,299,6970.0
262,255,"[263, 264, 265]","{'A': 1, 'B': 4, 'C': 5}",D,299,1,6970.0,261,,
263,255,[266],,S,,1,6970.0,262,99,6970.0
264,255,[],,S,,0,0,262,199,inf
265,255,[],,S,,0,0,262,299,inf
266,256,[267],"{'A': 0, 'B': 0, 'C': 1}",D,99,1,6970.0,263,,
267,256,[],,S,,0,0,266,99,inf
268,266,[269],"{'A': 4, 'B': 5, 'C': 7}",D,99,2,2970.0,1,,
269,266,[270],,S,,2,2970.0,268,99,2971.1774100225157
270,267,[271],"{'A': 0, 'B': 1, 'C': 5}",D,99,2,2970.0,269,,
271,267,[272],,S,,2,2970.0,270,99,2971.1774100225157
272,268,[273],"{'A': 0, 'B': 0, 'C': 2}",D,99,2,2970.0,271,,
273,268,[],,S,,0,0,272,99,inf
274,279,"[275, 276, 277, 278, 279, 280, 281, 282]","{'A': 8, 'B': 8, 'C': 10}",D,799,1,16470.0,65,,
275,279,[],,S,,0,0,274,99,inf
276,279,[],,S,,0,0,274,199,inf
277,279,[],,S,,0,0,274,299,inf
278,279,[],,S,,0,0,274,399,inf
279,279,[],,S,,0,0,274,499,inf
280,279,[283],,S,,1,16470.0,274,599,16470.0
281,279,[],,S,,0,0,274,699,inf
282,279,[],,S,,0,0,274,799,inf
283,280,"[284, 285, 286, 287, 288, 289]","{'A': 5, 'B': 5, 'C': 7}",D,599,1,16470.0,280,,
284,280,[],,S,,0,0,283,99,inf
285,280,[],,S,,0,0,283,199,inf
286,280,[],,S,,0,0,283,299,inf
287,280,[],,S,,0,0,283,399,inf
288,280,[290],,S,,1,16470.0,283,499,16470.0
289,280,[],,S,,0,0,283,599,inf
290,281,"[291, 292, 293, 294, 295]","{'A': 1, 'B': 1, 'C': 5}",D,499,1,16470.0,288,,
291,281,[],,S,,0,0,290,99,inf
292,281,[],,S,,0,0,290,199,inf
293,281,[],,S,,0,0,290,299,inf
294,281,[296],,S,,1,16470.0,290,399,16470.0
295,281,[],,S,,0,0,290,499,inf
296,282,"[297, 298, 299, 300]","{'A': 0, 'B': 0, 'C': 1}",D,399,1,16470.0,294,,
297,282,[],,S,,0,0,296,99,inf
298,282,[],,S,,0,0,296,199,inf
299,282,[],,S,,0,0,296,299,inf
300,282,[],,S,,0,0,296,399,inf
301,290,"[302, 303, 304]","{'A': 8, 'B': 6, 'C': 7}",D,299,2,4770.0,3,,
302,290,[305],,S,,2,4770.0,301,99,4771.177410022516
303,290,[],,S,,0,0,301,199,inf
304,290,[],,S,,0,0,301,299,inf
305,291,[306],"{'A': 3, 'B': 0, 'C': 3}",D,99,2,4770.0,302,,
306,291,[],,S,,0,0,305,99,inf
307,302,"[308, 309, 310, 311]","{'A': 6, 'B': 7, 'C': 8}",D,399,1,7770.0,4,,
308,302,[],,S,,0,0,307,99,inf
309,302,[],,S,,0,0,307,199,inf
310,302,[],,S,,0,0,307,299,inf
311,302,[312],,S,,1,7770.0,307,399,7770.0
312,303,"[313, 314, 315, 316]","{'A': 3, 'B': 5, 'C': 6}",D,399,1,7770.0,311,,
313,303,[317],,S,,1,7770.0,312,99,7770.0
314,303,[],,S,,0,0,312,199,inf
315,303,[],,S,,0,0,312,299,inf
316,303,[],,S,,0,0,312,399,inf
317,304,[318],"{'A': 0, 'B': 1, 'C': 2}",D,99,1,7770.0,313,,
318,304,[],,S,,0,0,317,99,inf
319,314,"[320, 321, 322, 323, 324, 325]","{'A': 6, 'B': 6, 'C': 9}",D,599,1,13170.0,6,,
320,314,[],,S,,0,0,319,99,inf
321,314,[],,S,,0,0,319,199,inf
322,314,[],,S,,0,0,319,299,inf
323,314,[],,S,,0,0,319,399,inf
324,314,[326],,S,,1,13170.0,319,499,13170.0
325,314,[],,S,,0,0,319,599,inf
326,315,"[327, 328, 329, 330, 331]","{'A': 5, 'B': 4, 'C': 6}",D,499,1,13170.0,324,,
327,315,[],,S,,0,0,326,99,inf
328,315,[],,S,,0,0,326,199,inf
329,315,[],,S,,0,0,326,299,inf
330,315,[332],,S,,1,13170.0,326,399,13170.0
331,315,[],,S,,0,0,326,499,inf
332,316,"[333, 334, 335, 336]","{'A': 2, 'B': 2, 'C': 0}",D,399,1,13170.0,330,,
333,316,[],,S,,0,0,332,99,inf
334,316,[],,S,,0,0,332,199,inf
335,316,[],,S,,0,0,332,299,inf
336,316,[],,S,,0,0,332,399,inf
337,326,"[338, 339, 340, 341, 342, 343, 344, 345, 346]","{'A': 10, 'B': 10, 'C': 8}",D,899,2,9820.0,9,,
338,326,[],,S,,0,0,337,99,inf
339,326,[],,S,,0,0,337,199,inf
340,326,[347],,S,,1,7570.0,337,299,7571.665109222316
341,326,[],,S,,0,0,337,399,inf
342,326,[],,S,,0,0,337,499,inf
343,326,[],,S,,0,0,337,599,inf
344,326,[],,S,,0,0,337,699,inf
345,326,[],,S,,0,0,337,799,inf
346,326,[911],,S,,1,12070.0,337,899,12071.665109222315
347,327,"[348, 349, 350]","{'A': 4, 'B': 5, 'C': 4}",D,299,1,7570.0,340,,
348,327,[],,S,,0,0,347,99,inf
349,327,[],,S,,0,0,347,199,inf
350,327,[],,S,,0,0,347,299,inf
351,338,"[352, 353]","{'A': 5, 'B': 5, 'C': 5}",D,199,1,4470.0,2,,
352,338,[],,S,,0,0,351,99,inf
353,338,[],,S,,0,0,351,199,inf
354,350,"[355, 356, 357, 358, 359, 360, 361, 362]","{'A': 10, 'B': 10, 'C': 10}",D,799,1,10370.0,8,,
355,350,[],,S,,0,0,354,99,inf
356,350,[],,S,,0,0,354,199,inf
357,350,[],,S,,0,0,354,299,inf
358,350,[],,S,,0,0,354,399,inf
359,350,[],,S,,0,0,354,499,inf
360,350,[],,S,,0,0,354,599,inf
361,350,[363],,S,,1,10370.0,354,699,10370.0
362,350,[],,S,,0,0,354,799,inf
363,351,"[364, 365, 366, 367, 368, 369, 370]","{'A': 9, 'B': 8, 'C': 7}",D,699,1,10370.0,361,,
364,351,[],,S,,0,0,363,99,inf
365,351,[],,S,,0,0,363,199,inf
366,351,[],,S,,0,0,363,299,inf
367,351,[371],,S,,1,10370.0,363,399,10370.0
368,351,[],,S,,0,0,363,499,inf
369,351,[],,S,,0,0,363,599,inf
370,351,[],,S,,0,0,363,699,inf
371,352,"[372, 373, 374, 375]","{'A': 6, 'B': 6, 'C': 5}",D,399,1,10370.0,367,,
372,352,[],,S,,0,0,371,99,inf
373,352,[376],,S,,1,10370.0,371,199,10370.0
374,352,[],,S,,0,0,371,299,inf
375,352,[],,S,,0,0,371,399,inf
376,353,"[377, 378]","{'A': 1, 'B': 1, 'C': 1}",D,199,1,10370.0,373,,
377,353,[],,S,,0,0,376,99,inf
378,353,[],,S,,0,0,376,199,inf
379,362,"[380, 381, 382, 383]","{'A': 9, 'B': 8, 'C': 7}",D,399,1,10470.0,4,,
380,362,[],,S,,0,0,379,99,inf
381,362,[],,S,,0,0,379,199,inf
382,362,[],,S,,0,0,379,299,inf
383,362,[384],,S,,1,10470.0,379,399,10470.0
384,363,"[385, 386, 387, 388]","{'A': 6, 'B': 6, 'C': 3}",D,399,1,10470.0,383,,
385,363,[],,S,,0,0,384,99,inf
386,363,[],,S,,0,0,384,199,inf
387,363,[389],,S,,1,10470.0,384,299,10470.0
388,363,[],,S,,0,0,384,399,inf
389,364,"[390, 391, 392]","{'A': 3, 'B': 0, 'C': 0}",D,299,1,10470.0,387,,
390,364,[],,S,,0,0,389,99,inf
391,364,[],,S,,0,0,389,199,inf
392,364,[],,S,,0,0,389,299,inf
393,375,"[394, 395, 396, 397, 398, 399]","{'A': 6, 'B': 6, 'C': 6}",D,599,1,15370.0,159,,
394,375,[],,S,,0,0,393,99,inf
395,375,[],,S,,0,0,393,199,inf
396,375,[],,S,,0,0,393,299,inf
397,375,[],,S,,0,0,393,399,inf
398,375,[400],,S,,1,15370.0,393,499,15370.0
399,375,[],,S,,0,0,393,599,inf
400,376,"[401, 402, 403, 404, 405]","{'A': 5, 'B': 5, 'C': 3}",D,499,1,15370.0,398,,
401,376,[],,S,,0,0,400,99,inf
402,376,[],,S,,0,0,400,199,inf
403,376,[],,S,,0,0,400,299,inf
404,376,[406],,S,,1,15370.0,400,399,15370.0
405,376,[],,S,,0,0,400,499,inf
406,377,"[407, 408, 409, 410]","{'A': 2, 'B': 3, 'C': 0}",D,399,1,15370.0,404,,
407,377,[],,S,,0,0,406,99,inf
408,377,[],,S,,0,0,406,199,inf
409,377,[],,S,,0,0,406,299,inf
410,377,[],,S,,0,0,406,399,inf
411,386,"[412, 413, 414]","{'A': 5, 'B': 5, 'C': 6}",D,299,2,8070.0,3,,
412,386,[],,S,,0,0,411,99,inf
413,386,[998],,S,,1,7170.0,411,199,7171.665109222316
414,386,[415],,S,,1,8970.0,411,299,8971.665109222315
415,387,"[416, 417, 418]","{'A': 2, 'B': 0, 'C': 0}",D,299,1,8970.0,414,,
416,387,[],,S,,0,0,415,99,inf
417,387,[],,S,,0,0,415,199,inf
418,387,[],,S,,0,0,415,299,inf
419,399,"[420, 421, 422, 423, 424, 425]","{'A': 8, 'B': 6, 'C': 8}",D,599,1,12170.0,108,,
420,399,[],,S,,0,0,419,99,inf
421,399,[],,S,,0,0,419,199,inf
422,399,[],,S,,0,0,419,299,inf
423,399,[],,S,,0,0,419,399,inf
424,399,[426],,S,,1,12170.0,419,499,12170.0
425,399,[],,S,,0,0,419,599,inf
426,400,"[427, 428, 429, 430, 431]","{'A': 5, 'B': 5, 'C': 5}",D,499,1,12170.0,424,,
427,400,[],,S,,0,0,426,99,inf
428,400,[],,S,,0,0,426,199,inf
429,400,[],,S,,0,0,426,299,inf
430,400,[],,S,,0,0,426,399,inf
431,400,[432],,S,,1,12170.0,426,499,12170.0
432,401,"[433, 434, 435, 436, 437]","{'A': 1, 'B': 5, 'C': 3}",D,499,1,12170.0,431,,
433,401,[438],,S,,1,12170.0,432,99,12170.0
434,401,[],,S,,0,0,432,199,inf
435,401,[],,S,,0,0,432,299,inf
436,401,[],,S,,0,0,432,399,inf
437,401,[],,S,,0,0,432,499,inf
438,402,[439],"{'A': 0, 'B': 2, 'C': 0}",D,99,1,12170.0,433,,
439,402,[],,S,,0,0,438,99,inf
440,411,"[441, 442, 443]","{'A': 7, 'B': 9, 'C': 6}",D,299,1,7870.0,105,,
441,411,[],,S,,0,0,440,99,inf
442,411,[],,S,,0,0,440,199,inf
443,411,[444],,S,,1,7870.0,440,299,7870.0
444,412,"[445, 446, 447]","{'A': 5, 'B': 6, 'C': 0}",D,299,1,7870.0,443,,
445,412,[],,S,,0,0,444,99,inf
446,412,[448],,S,,1,7870.0,444,199,7870.0
447,412,[],,S,,0,0,444,299,inf
448,413,"[449, 450]","{'A': 0, 'B': 3, 'C': 0}",D,199,1,7870.0,446,,
449,413,[],,S,,0,0,448,99,inf
450,413,[],,S,,0,0,448,199,inf
451,422,"[452, 453, 454, 455, 456]","{'A': 7, 'B': 5, 'C': 8}",D,499,2,10570.0,5,,
452,422,[457],,S,,1,6970.0,451,99,6971.665109222316
453,422,[],,S,,0,0,451,199,inf
454,422,[],,S,,0,0,451,299,inf
455,422,[],,S,,0,0,451,399,inf
456,422,[770],,S,,1,14170.0,451,499,14171.665109222315
457,423,[458],"{'A': 4, 'B': 0, 'C': 4}",D,99,1,6970.0,452,,
458,423,[],,S,,0,0,457,99,inf
459,435,"[460, 461]","{'A': 4, 'B': 4, 'C': 8}",D,199,1,5670.0,104,,
460,435,[],,S,,0,0,459,99,inf
461,435,[462],,S,,1,5670.0,459,199,5670.0
462,436,"[463, 464]","{'A': 0, 'B': 0, 'C': 3}",D,199,1,5670.0,461,,
463,436,[],,S,,0,0,462,99,inf
464,436,[],,S,,0,0,462,199,inf
465,447,"[466, 467, 468]","{'A': 2, 'B': 4, 'C': 2}",D,299,1,7370.0,89,,
466,447,[],,S,,0,0,465,99,inf
467,447,[],,S,,0,0,465,199,inf
468,447,[],,S,,0,0,465,299,inf
469,458,"[470, 471, 472, 473, 474, 475]","{'A': 10, 'B': 6, 'C': 9}",D,599,1,16270.0,6,,
470,458,[],,S,,0,0,469,99,inf
471,458,[],,S,,0,0,469,199,inf
472,458,[],,S,,0,0,469,299,inf
473,458,[],,S,,0,0,469,399,inf
474,458,[],,S,,0,0,469,499,inf
475,458,[476],,S,,1,16270.0,469,599,16270.0
476,459,"[477, 478, 479, 480, 481, 482]","{'A': 7, 'B': 3, 'C': 7}",D,599,1,16270.0,475,,
477,459,[],,S,,0,0,476,99,inf
478,459,[],,S,,0,0,476,199,inf
479,459,[],,S,,0,0,476,299,inf
480,459,[],,S,,0,0,476,399,inf
481,459,[483],,S,,1,16270.0,476,499,16270.0
482,459,[],,S,,0,0,476,599,inf
483,460,"[484, 485, 486, 487, 488]","{'A': 6, 'B': 0, 'C': 5}",D,499,1,16270.0,481,,
484,460,[],,S,,0,0,483,99,inf
485,460,[],,S,,0,0,483,199,inf
486,460,[],,S,,0,0,483,299,inf
487,460,[],,S,,0,0,483,399,inf
488,460,[489],,S,,1,16270.0,483,499,16270.0
489,461,"[490, 491, 492, 493, 494]","{'A': 2, 'B': 0, 'C': 2}",D,499,1,16270.0,488,,
490,461,[],,S,,0,0,489,99,inf
491,461,[],,S,,0,0,489,199,inf
492,461,[],,S,,0,0,489,299,inf
493,461,[],,S,,0,0,489,399,inf
494,461,[],,S,,0,0,489,499,inf
495,470,"[496, 497, 498, 499, 500, 501]","{'A': 6, 'B': 5, 'C': 9}",D,599,1,11770.0,6,,
496,470,[],,S,,0,0,495,99,inf
497,470,[],,S,,0,0,495,199,inf
498,470,[502],,S,,1,11770.0,495,299,11770.0
499,470,[],,S,,0,0,495,399,inf
500,470,[],,S,,0,0,495,499,inf
501,470,[],,S,,0,0,495,599,inf
502,471,"[503, 504, 505]","{'A': 1, 'B': 1, 'C': 5}",D,299,1,11770.0,498,,
503,471,[],,S,,0,0,502,99,inf
504,471,[],,S,,0,0,502,199,inf
505,471,[506],,S,,1,11770.0,502,299,11770.0
506,472,"[507, 508, 509]","{'A': 0, 'B': 0, 'C': 2}",D,299,1,11770.0,505,,
507,472,[],,S,,0,0,506,99,inf
508,472,[],,S,,0,0,506,199,inf
509,472,[],,S,,0,0,506,299,inf
510,483,"[511, 512, 513, 514, 515, 516]","{'A': 6, 'B': 7, 'C': 6}",D,599,1,10370.0,108,,
511,483,[],,S,,0,0,510,99,inf
512,483,[517],,S,,1,10370.0,510,199,10370.0
513,483,[],,S,,0,0,510,299,inf
514,483,[],,S,,0,0,510,399,inf
515,483,[],,S,,0,0,510,499,inf
516,483,[],,S,,0,0,510,599,inf
517,484,"[518, 519]","{'A': 0, 'B': 2, 'C': 2}",D,199,1,10370.0,512,,
518,484,[],,S,,0,0,517,99,inf
519,484,[],,S,,0,0,517,199,inf
520,494,"[521, 522, 523]","{'A': 6, 'B': 6, 'C': 6}",D,299,1,5370.0,3,,
521,494,[524],,S,,1,5370.0,520,99,5370.0
522,494,[],,S,,0,0,520,199,inf
523,494,[],,S,,0,0,520,299,inf
524,495,[525],"{'A': 2, 'B': 2, 'C': 0}",D,99,1,5370.0,521,,
525,495,[],,S,,0,0,524,99,inf
526,506,"[527, 528]","{'A': 6, 'B': 8, 'C': 5}",D,199,1,5970.0,2,,
527,506,[],,S,,0,0,526,99,inf
528,506,[529],,S,,1,5970.0,526,199,5970.0
529,507,"[530, 531]","{'A': 2, 'B': 5, 'C': 2}",D,199,1,5970.0,528,,
530,507,[],,S,,0,0,529,99,inf
531,507,[],,S,,0,0,529,199,inf
532,518,"[533, 534, 535, 536, 537, 538, 539, 540, 541]","{'A': 9, 'B': 9, 'C': 9}",D,899,2,9570.0,9,,
533,518,[],,S,,0,0,532,99,inf
534,518,[542],,S,,1,6570.0,532,199,6571.665109222316
535,518,[],,S,,0,0,532,299,inf
536,518,[],,S,,0,0,532,399,inf
537,518,[],,S,,0,0,532,499,inf
538,518,[],,S,,0,0,532,599,inf
539,518,[1140],,S,,1,12570.0,532,699,12571.665109222315
540,518,[],,S,,0,0,532,799,inf
541,518,[],,S,,0,0,532,899,inf
542,519,"[543, 544]","{'A': 7, 'B': 4, 'C': 4}",D,199,1,6570.0,534,,
543,519,[545],,S,,1,6570.0,542,99,6570.0
544,519,[],,S,,0,0,542,199,inf
545,520,[546],"{'A': 2, 'B': 0, 'C': 1}",D,99,1,6570.0,543,,
546,520,[],,S,,0,0,545,99,inf
547,530,"[548, 549, 550]","{'A': 5, 'B': 4, 'C': 6}",D,299,1,5970.0,3,,
548,530,[551],,S,,1,5970.0,547,99,5970.0
549,530,[],,S,,0,0,547,199,inf
550,530,[],,S,,0,0,547,299,inf
551,531,[552],"{'A': 0, 'B': 0, 'C': 3}",D,99,1,5970.0,548,,
552,531,[],,S,,0,0,551,99,inf
553,542,"[554, 555, 556, 557]","{'A': 5, 'B': 8, 'C': 7}",D,399,1,7970.0,4,,
554,542,[],,S,,0,0,553,99,inf
555,542,[558],,S,,1,7970.0,553,199,7970.0
556,542,[],,S,,0,0,553,299,inf
557,542,[],,S,,0,0,553,399,inf
558,543,"[559, 560]","{'A': 0, 'B': 2, 'C': 1}",D,199,1,7970.0,555,,
559,543,[],,S,,0,0,558,99,inf
560,543,[],,S,,0,0,558,199,inf
561,554,"[562, 563, 564, 565, 566, 567, 568, 569]","{'A': 8, 'B': 10, 'C': 8}",D,799,2,12170.0,8,,
562,554,[],,S,,0,0,561,99,inf
563,554,[],,S,,0,0,561,199,inf
564,554,[],,S,,0,0,561,299,inf
565,554,[],,S,,0,0,561,399,inf
566,554,[],,S,,0,0,561,499,inf
567,554,[],,S,,0,0,561,599,inf
568,554,[570],,S,,1,11570.0,561,699,11571.665109222315
569,554,[1179],,S,,1,12770.0,561,799,12771.665109222315
570,555,"[571, 572, 573, 574, 575, 576, 577]","{'A': 8, 'B': 5, 'C': 8}",D,699,1,11570.0,568,,
571,555,[],,S,,0,0,570,99,inf
572,555,[],,S,,0,0,570,199,inf
573,555,[],,S,,0,0,570,299,inf
574,555,[],,S,,0,0,570,399,inf
575,555,[578],,S,,1,11570.0,570,499,11570.0
576,555,[],,S,,0,0,570,599,inf
577,555,[],,S,,0,0,570,699,inf
578,556,"[579, 580, 581, 582, 583]","{'A': 4, 'B': 3, 'C': 7}",D,499,1,11570.0,575,,
579,556,[584],,S,,1,11570.0,578,99,11570.0
580,556,[],,S,,0,0,578,199,inf
581,556,[],,S,,0,0,578,299,inf
582,556,[],,S,,0,0,578,399,inf
583,556,[],,S,,0,0,578,499,inf
584,557,[585],"{'A': 0, 'B': 0, 'C': 3}",D,99,1,11570.0,579,,
585,557,[],,S,,0,0,584,99,inf
586,567,"[587, 588, 589, 590, 591, 592]","{'A': 9, 'B': 7, 'C': 7}",D,599,1,7870.0,108,,
587,567,[],,S,,0,0,586,99,inf
588,567,[593],,S,,1,7870.0,586,199,7870.0
589,567,[],,S,,0,0,586,299,inf
590,567,[],,S,,0,0,586,399,inf
591,567,[],,S,,0,0,586,499,inf
592,567,[],,S,,0,0,586,599,inf
593,568,"[594, 595]","{'A': 2, 'B': 3, 'C': 4}",D,199,1,7870.0,588,,
594,568,[],,S,,0,0,593,99,inf
595,568,[],,S,,0,0,593,199,inf
596,578,"[597, 598, 599, 600, 601, 602, 603, 604]","{'A': 9, 'B': 9, 'C': 10}",D,799,1,4370.0,8,,
597,578,[605],,S,,1,4370.0,596,99,4370.0
598,578,[],,S,,0,0,596,199,inf
599,578,[],,S,,0,0,596,299,inf
600,578,[],,S,,0,0,596,399,inf
601,578,[],,S,,0,0,596,499,inf
602,578,[],,S,,0,0,596,599,inf
603,578,[],,S,,0,0,596,699,inf
604,578,[],,S,,0,0,596,799,inf
605,579,[606],"{'A': 6, 'B': 4, 'C': 6}",D,99,1,4370.0,597,,
606,579,[607],,S,,1,4370.0,605,99,4370.0
607,580,[608],"{'A': 1, 'B': 1, 'C': 0}",D,99,1,4370.0,606,,
608,580,[],,S,,0,0,607,99,inf
609,590,"[610, 611, 612]","{'A': 8, 'B': 8, 'C': 7}",D,299,1,6670.0,3,,
610,590,[],,S,,0,0,609,99,inf
611,590,[613],,S,,1,6670.0,609,199,6670.0
612,590,[],,S,,0,0,609,299,inf
613,591,"[614, 615]","{'A': 2, 'B': 4, 'C': 4}",D,199,1,6670.0,611,,
614,591,[],,S,,0,0,613,99,inf
615,591,[616],,S,,1,6670.0,613,199,6670.0
616,592,"[617, 618]","{'A': 0, 'B': 1, 'C': 0}",D,199,1,6670.0,615,,
617,592,[],,S,,0,0,616,99,inf
618,592,[],,S,,0,0,616,199,inf
619,2,"[620, 621, 622, 623, 624, 625]","{'A': 6, 'B': 8, 'C': 8}",D,599,1,11970.0,6,,
620,2,[],,S,,0,0,619,99,inf
621,2,[],,S,,0,0,619,199,inf
622,2,[],,S,,0,0,619,299,inf
623,2,[626],,S,,1,11970.0,619,399,11970.0
624,2,[],,S,,0,0,619,499,inf
625,2,[],,S,,0,0,619,599,inf
626,3,"[627, 628, 629, 630]","{'A': 0, 'B': 4, 'C': 4}",D,399,1,11970.0,623,,
627,3,[],,S,,0,0,626,99,inf
628,3,[],,S,,0,0,626,199,inf
629,3,[],,S,,0,0,626,299,inf
630,3,[],,S,,0,0,626,399,inf
631,14,"[632, 633, 634, 635, 636, 637, 638, 639]","{'A': 9, 'B': 10, 'C': 10}",D,799,1,9070.0,8,,
632,14,[],,S,,0,0,631,99,inf
633,14,[],,S,,0,0,631,199,inf
634,14,[640],,S,,1,9070.0,631,299,9070.0
635,14,[],,S,,0,0,631,399,inf
636,14,[],,S,,0,0,631,499,inf
637,14,[],,S,,0,0,631,599,inf
638,14,[],,S,,0,0,631,699,inf
639,14,[],,S,,0,0,631,799,inf
640,15,"[641, 642, 643]","{'A': 6, 'B': 6, 'C': 6}",D,299,1,9070.0,634,,
641,15,[],,S,,0,0,640,99,inf
642,15,[],,S,,0,0,640,199,inf
643,15,[644],,S,,1,9070.0,640,299,9070.0
644,16,"[645, 646, 647]","{'A': 2, 'B': 2, 'C': 0}",D,299,1,9070.0,643,,
645,16,[],,S,,0,0,644,99,inf
646,16,[],,S,,0,0,644,199,inf
647,16,[],,S,,0,0,644,299,inf
648,26,"[649, 650, 651, 652, 653, 654, 655]","{'A': 10, 'B': 8, 'C': 9}",D,699,1,18870.0,7,,
649,26,[],,S,,0,0,648,99,inf
650,26,[],,S,,0,0,648,199,inf
651,26,[],,S,,0,0,648,299,inf
652,26,[],,S,,0,0,648,399,inf
653,26,[],,S,,0,0,648,499,inf
654,26,[],,S,,0,0,648,599,inf
655,26,[656],,S,,1,18870.0,648,699,18870.0
656,27,"[657, 658, 659, 660, 661, 662, 663]","{'A': 6, 'B': 6, 'C': 8}",D,699,1,18870.0,655,,
657,27,[],,S,,0,0,656,99,inf
658,27,[],,S,,0,0,656,199,inf
659,27,[],,S,,0,0,656,299,inf
660,27,[],,S,,0,0,656,399,inf
661,27,[],,S,,0,0,656,499,inf
662,27,[664],,S,,1,18870.0,656,599,18870.0
663,27,[],,S,,0,0,656,699,inf
664,28,"[665, 666, 667, 668, 669, 670]","{'A': 2, 'B': 3, 'C': 5}",D,599,1,18870.0,662,,
665,28,[],,S,,0,0,664,99,inf
666,28,[],,S,,0,0,664,199,inf
667,28,[],,S,,0,0,664,299,inf
668,28,[],,S,,0,0,664,399,inf
669,28,[],,S,,0,0,664,499,inf
670,28,[671],,S,,1,18870.0,664,599,18870.0
671,29,"[672, 673, 674, 675, 676, 677]","{'A': 0, 'B': 2, 'C': 2}",D,599,1,18870.0,670,,
672,29,[],,S,,0,0,671,99,inf
673,29,[],,S,,0,0,671,199,inf
674,29,[],,S,,0,0,671,299,inf
675,29,[],,S,,0,0,671,399,inf
676,29,[],,S,,0,0,671,499,inf
677,29,[678],,S,,1,18870.0,671,599,18870.0
678,30,"[679, 680, 681, 682, 683, 684]","{'A': 0, 'B': 0, 'C': 1}",D,599,1,18870.0,677,,
679,30,[],,S,,0,0,678,99,inf
680,30,[],,S,,0,0,678,199,inf
681,30,[],,S,,0,0,678,299,inf
682,30,[],,S,,0,0,678,399,inf
683,30,[],,S,,0,0,678,499,inf
684,30,[],,S,,0,0,678,599,inf
685,38,"[686, 687, 688, 689, 690]","{'A': 8, 'B': 6, 'C': 7}",D,499,1,8670.0,5,,
686,38,[],,S,,0,0,685,99,inf
687,38,[691],,S,,1,8670.0,685,199,8670.0
688,38,[],,S,,0,0,685,299,inf
689,38,[],,S,,0,0,685,399,inf
690,38,[],,S,,0,0,685,499,inf
691,39,"[692, 693]","{'A': 2, 'B': 1, 'C': 2}",D,199,1,8670.0,687,,
692,39,[],,S,,0,0,691,99,inf
693,39,[],,S,,0,0,691,199,inf
694,50,"[695, 696, 697, 698, 699, 700]","{'A': 6, 'B': 10, 'C': 7}",D,599,1,6470.0,6,,
695,50,[701],,S,,1,6470.0,694,99,6470.0
696,50,[],,S,,0,0,694,199,inf
697,50,[],,S,,0,0,694,299,inf
698,50,[],,S,,0,0,694,399,inf
699,50,[],,S,,0,0,694,499,inf
700,50,[],,S,,0,0,694,599,inf
701,51,[702],"{'A': 0, 'B': 6, 'C': 3}",D,99,1,6470.0,695,,
702,51,[703],,S,,1,6470.0,701,99,6470.0
703,52,[704],"{'A': 0, 'B': 1, 'C': 0}",D,99,1,6470.0,702,,
704,52,[],,S,,0,0,703,99,inf
705,62,"[706, 707]","{'A': 6, 'B': 8, 'C': 9}",D,199,1,5970.0,2,,
706,62,[],,S,,0,0,705,99,inf
707,62,[708],,S,,1,5970.0,705,199,5970.0
708,63,"[709, 710]","{'A': 2, 'B': 3, 'C': 4}",D,199,1,5970.0,707,,
709,63,[],,S,,0,0,708,99,inf
710,63,[],,S,,0,0,708,199,inf
711,74,"[712, 713, 714, 715, 716, 717, 718]","{'A': 7, 'B': 9, 'C': 9}",D,699,1,11870.0,7,,
712,74,[],,S,,0,0,711,99,inf
713,74,[],,S,,0,0,711,199,inf
714,74,[],,S,,0,0,711,299,inf
715,74,[],,S,,0,0,711,399,inf
716,74,[],,S,,0,0,711,499,inf
717,74,[],,S,,0,0,711,599,inf
718,74,[719],,S,,1,11870.0,711,699,11870.0
719,75,"[720, 721, 722, 723, 724, 725, 726]","{'A': 5, 'B': 7, 'C': 8}",D,699,1,11870.0,718,,
720,75,[],,S,,0,0,719,99,inf
721,75,[],,S,,0,0,719,199,inf
722,75,[727],,S,,1,11870.0,719,299,11870.0
723,75,[],,S,,0,0,719,399,inf
724,75,[],,S,,0,0,719,499,inf
725,75,[],,S,,0,0,719,599,inf
726,75,[],,S,,0,0,719,699,inf
727,76,"[728, 729, 730]","{'A': 3, 'B': 4, 'C': 3}",D,299,1,11870.0,722,,
728,76,[],,S,,0,0,727,99,inf
729,76,[731],,S,,1,11870.0,727,199,11870.0
730,76,[],,S,,0,0,727,299,inf
731,77,"[732, 733]","{'A': 0, 'B': 0, 'C': 1}",D,199,1,11870.0,729,,
732,77,[],,S,,0,0,731,99,inf
733,77,[],,S,,0,0,731,199,inf
734,86,"[735, 736, 737, 738, 739, 740]","{'A': 7, 'B': 7, 'C': 8}",D,599,1,9370.0,6,,
735,86,[],,S,,0,0,734,99,inf
736,86,[],,S,,0,0,734,199,inf
737,86,[741],,S,,1,9370.0,734,299,9370.0
738,86,[],,S,,0,0,734,399,inf
739,86,[],,S,,0,0,734,499,inf
740,86,[],,S,,0,0,734,599,inf
741,87,"[742, 743, 744]","{'A': 2, 'B': 2, 'C': 6}",D,299,1,9370.0,737,,
742,87,[745],,S,,1,9370.0,741,99,9370.0
743,87,[],,S,,0,0,741,199,inf
744,87,[],,S,,0,0,741,299,inf
745,88,[746],"{'A': 0, 'B': 0, 'C': 1}",D,99,1,9370.0,742,,
746,88,[],,S,,0,0,745,99,inf
747,98,"[748, 749, 750, 751, 752]","{'A': 7, 'B': 7, 'C': 7}",D,499,1,8570.0,5,,
748,98,[],,S,,0,0,747,99,inf
749,98,[753],,S,,1,8570.0,747,199,8570.0
750,98,[],,S,,0,0,747,299,inf
751,98,[],,S,,0,0,747,399,inf
752,98,[],,S,,0,0,747,499,inf
753,99,"[754, 755]","{'A': 3, 'B': 3, 'C': 3}",D,199,1,8570.0,749,,
754,99,[],,S,,0,0,753,99,inf
755,99,[756],,S,,1,8570.0,753,199,8570.0
756,100,"[757, 758]","{'A': 1, 'B': 0, 'C': 0}",D,199,1,8570.0,755,,
757,100,[],,S,,0,0,756,99,inf
758,100,[],,S,,0,0,756,199,inf
759,110,"[760, 761, 762, 763, 764, 765]","{'A': 9, 'B': 8, 'C': 7}",D,599,1,9770.0,6,,
760,110,[],,S,,0,0,759,99,inf
761,110,[],,S,,0,0,759,199,inf
762,110,[766],,S,,1,9770.0,759,299,9770.0
763,110,[],,S,,0,0,759,399,inf
764,110,[],,S,,0,0,759,499,inf
765,110,[],,S,,0,0,759,599,inf
766,111,"[767, 768, 769]","{'A': 4, 'B': 3, 'C': 3}",D,299,1,9770.0,762,,
767,111,[],,S,,0,0,766,99,inf
768,111,[],,S,,0,0,766,199,inf
769,111,[],,S,,0,0,766,299,inf
770,135,"[771, 772, 773, 774, 775]","{'A': 2, 'B': 2, 'C': 6}",D,499,1,14170.0,456,,
771,135,[],,S,,0,0,770,99,inf
772,135,[],,S,,0,0,770,199,inf
773,135,[],,S,,0,0,770,299,inf
774,135,[],,S,,0,0,770,399,inf
775,135,[776],,S,,1,14170.0,770,499,14170.0
776,136,"[777, 778, 779, 780, 781]","{'A': 0, 'B': 0, 'C': 2}",D,499,1,14170.0,775,,
777,136,[],,S,,0,0,776,99,inf
778,136,[],,S,,0,0,776,199,inf
779,136,[],,S,,0,0,776,299,inf
780,136,[],,S,,0,0,776,399,inf
781,136,[],,S,,0,0,776,499,inf
782,158,"[783, 784, 785, 786, 787, 788, 789, 790]","{'A': 9, 'B': 9, 'C': 9}",D,799,1,11470.0,8,,
783,158,[],,S,,0,0,782,99,inf
784,158,[],,S,,0,0,782,199,inf
785,158,[],,S,,0,0,782,299,inf
786,158,[791],,S,,1,11470.0,782,399,11470.0
787,158,[],,S,,0,0,782,499,inf
788,158,[],,S,,0,0,782,599,inf
789,158,[],,S,,0,0,782,699,inf
790,158,[],,S,,0,0,782,799,inf
791,159,"[792, 793, 794, 795]","{'A': 5, 'B': 6, 'C': 6}",D,399,1,11470.0,786,,
792,159,[],,S,,0,0,791,99,inf
793,159,[],,S,,0,0,791,199,inf
794,159,[796],,S,,1,11470.0,791,299,11470.0
795,159,[],,S,,0,0,791,399,inf
796,160,"[797, 798, 799]","{'A': 3, 'B': 1, 'C': 3}",D,299,1,11470.0,794,,
797,160,[],,S,,0,0,796,99,inf
798,160,[],,S,,0,0,796,199,inf
799,160,[],,S,,0,0,796,299,inf
800,170,"[801, 802, 803, 804, 805, 806, 807, 808]","{'A': 9, 'B': 8, 'C': 9}",D,799,1,8270.0,8,,
801,170,[],,S,,0,0,800,99,inf
802,170,[809],,S,,1,8270.0,800,199,8270.0
803,170,[],,S,,0,0,800,299,inf
804,170,[],,S,,0,0,800,399,inf
805,170,[],,S,,0,0,800,499,inf
806,170,[],,S,,0,0,800,599,inf
807,170,[],,S,,0,0,800,699,inf
808,170,[],,S,,0,0,800,799,inf
809,171,"[810, 811]","{'A': 4, 'B': 6, 'C': 6}",D,199,1,8270.0,802,,
810,171,[],,S,,0,0,809,99,inf
811,171,[812],,S,,1,8270.0,809,199,8270.0
812,172,"[813, 814]","{'A': 0, 'B': 1, 'C': 0}",D,199,1,8270.0,811,,
813,172,[],,S,,0,0,812,99,inf
814,172,[],,S,,0,0,812,199,inf
815,182,"[816, 817, 818, 819, 820, 821]","{'A': 7, 'B': 8, 'C': 8}",D,599,2,7070.0,6,,
816,182,[1107],,S,,1,6470.0,815,99,6471.665109222316
817,182,[822],,S,,1,7670.0,815,199,7671.665109222316
818,182,[],,S,,0,0,815,299,inf
819,182,[],,S,,0,0,815,399,inf
820,182,[],,S,,0,0,815,499,inf
821,182,[],,S,,0,0,815,599,inf
822,183,"[823, 824]","{'A': 3, 'B': 4, 'C': 4}",D,199,1,7670.0,817,,
823,183,[],,S,,0,0,822,99,inf
824,183,[],,S,,0,0,822,199,inf
825,194,"[826, 827]","{'A': 6, 'B': 7, 'C': 7}",D,199,1,4770.0,2,,
826,194,[],,S,,0,0,825,99,inf
827,194,[828],,S,,1,4770.0,825,199,4770.0
828,195,"[829, 830]","{'A': 3, 'B': 3, 'C': 6}",D,199,1,4770.0,827,,
829,195,[],,S,,0,0,828,99,inf
830,195,[],,S,,0,0,828,199,inf
831,207,"[832, 833]","{'A': 3, 'B': 3, 'C': 5}",D,199,1,8970.0,203,,
832,207,[],,S,,0,0,831,99,inf
833,207,[],,S,,0,0,831,199,inf
834,218,"[835, 836, 837, 838, 839, 840]","{'A': 9, 'B': 9, 'C': 7}",D,599,1,5470.0,6,,
835,218,[841],,S,,1,5470.0,834,99,5470.0
836,218,[],,S,,0,0,834,199,inf
837,218,[],,S,,0,0,834,299,inf
838,218,[],,S,,0,0,834,399,inf
839,218,[],,S,,0,0,834,499,inf
840,218,[],,S,,0,0,834,599,inf
841,219,[842],"{'A': 3, 'B': 4, 'C': 0}",D,99,1,5470.0,835,,
842,219,[],,S,,0,0,841,99,inf
843,231,"[844, 845, 846, 847, 848, 849, 850, 851]","{'A': 9, 'B': 10, 'C': 9}",D,799,1,11870.0,110,,
844,231,[],,S,,0,0,843,99,inf
845,231,[],,S,,0,0,843,199,inf
846,231,[],,S,,0,0,843,299,inf
847,231,[852],,S,,1,11870.0,843,399,11870.0
848,231,[],,S,,0,0,843,499,inf
849,231,[],,S,,0,0,843,599,inf
850,231,[],,S,,0,0,843,699,inf
851,231,[],,S,,0,0,843,799,inf
852,232,"[853, 854, 855, 856]","{'A': 5, 'B': 8, 'C': 5}",D,399,1,11870.0,847,,
853,232,[],,S,,0,0,852,99,inf
854,232,[],,S,,0,0,852,199,inf
855,232,[],,S,,0,0,852,299,inf
856,232,[857],,S,,1,11870.0,852,399,11870.0
857,233,"[858, 859, 860, 861]","{'A': 4, 'B': 4, 'C': 1}",D,399,1,11870.0,856,,
858,233,[],,S,,0,0,857,99,inf
859,233,[],,S,,0,0,857,199,inf
860,233,[],,S,,0,0,857,299,inf
861,233,[],,S,,0,0,857,399,inf
862,242,"[863, 864]","{'A': 7, 'B': 5, 'C': 6}",D,199,1,5970.0,2,,
863,242,[],,S,,0,0,862,99,inf
864,242,[865],,S,,1,5970.0,862,199,5970.0
865,243,"[866, 867]","{'A': 1, 'B': 0, 'C': 1}",D,199,1,5970.0,864,,
866,243,[],,S,,0,0,865,99,inf
867,243,[],,S,,0,0,865,199,inf
868,254,"[869, 870, 871, 872, 873, 874, 875]","{'A': 8, 'B': 8, 'C': 10}",D,699,1,11570.0,7,,
869,254,[],,S,,0,0,868,99,inf
870,254,[],,S,,0,0,868,199,inf
871,254,[],,S,,0,0,868,299,inf
872,254,[],,S,,0,0,868,399,inf
873,254,[876],,S,,1,11570.0,868,499,11570.0
874,254,[],,S,,0,0,868,599,inf
875,254,[],,S,,0,0,868,699,inf
876,255,"[877, 878, 879, 880, 881]","{'A': 7, 'B': 6, 'C': 8}",D,499,1,11570.0,873,,
877,255,[],,S,,0,0,876,99,inf
878,255,[],,S,,0,0,876,199,inf
879,255,[882],,S,,1,11570.0,876,299,11570.0
880,255,[],,S,,0,0,876,399,inf
881,255,[],,S,,0,0,876,499,inf
882,256,"[883, 884, 885]","{'A': 4, 'B': 2, 'C': 4}",D,299,1,11570.0,879,,
883,256,[],,S,,0,0,882,99,inf
884,256,[],,S,,0,0,882,199,inf
885,256,[],,S,,0,0,882,299,inf
886,278,"[887, 888, 889]","{'A': 6, 'B': 4, 'C': 6}",D,299,1,8970.0,3,,
887,278,[],,S,,0,0,886,99,inf
888,278,[],,S,,0,0,886,199,inf
889,278,[890],,S,,1,8970.0,886,299,8970.0
890,279,"[891, 892, 893]","{'A': 2, 'B': 0, 'C': 2}",D,299,1,8970.0,889,,
891,279,[],,S,,0,0,890,99,inf
892,279,[],,S,,0,0,890,199,inf
893,279,[],,S,,0,0,890,299,inf
894,302,"[895, 896, 897]","{'A': 6, 'B': 6, 'C': 7}",D,299,1,5170.0,3,,
895,302,[898],,S,,1,5170.0,894,99,5170.0
896,302,[],,S,,0,0,894,199,inf
897,302,[],,S,,0,0,894,299,inf
898,303,[899],"{'A': 2, 'B': 0, 'C': 3}",D,99,1,5170.0,895,,
899,303,[],,S,,0,0,898,99,inf
900,315,"[901, 902, 903, 904, 905, 906, 907, 908]","{'A': 10, 'B': 8, 'C': 8}",D,799,1,5770.0,110,,
901,315,[909],,S,,1,5770.0,900,99,5770.0
902,315,[],,S,,0,0,900,199,inf
903,315,[],,S,,0,0,900,299,inf
904,315,[],,S,,0,0,900,399,inf
905,315,[],,S,,0,0,900,499,inf
906,315,[],,S,,0,0,900,599,inf
907,315,[],,S,,0,0,900,699,inf
908,315,[],,S,,0,0,900,799,inf
909,316,[910],"{'A': 5, 'B': 2, 'C': 2}",D,99,1,5770.0,901,,
910,316,[],,S,,0,0,909,99,inf
911,327,"[912, 913, 914, 915, 916, 917, 918, 919, 920]","{'A': 9, 'B': 9, 'C': 7}",D,899,1,12070.0,346,,
912,327,[],,S,,0,0,911,99,inf
913,327,[],,S,,0,0,911,199,inf
914,327,[],,S,,0,0,911,299,inf
915,327,[],,S,,0,0,911,399,inf
916,327,[],,S,,0,0,911,499,inf
917,327,[],,S,,0,0,911,599,inf
918,327,[921],,S,,1,12070.0,911,699,12070.0
919,327,[],,S,,0,0,911,799,inf
920,327,[],,S,,0,0,911,899,inf
921,328,"[922, 923, 924, 925, 926, 927, 928]","{'A': 9, 'B': 8, 'C': 6}",D,699,1,12070.0,918,,
922,328,[],,S,,0,0,921,99,inf
923,328,[],,S,,0,0,921,199,inf
924,328,[],,S,,0,0,921,299,inf
925,328,[],,S,,0,0,921,399,inf
926,328,[929],,S,,1,12070.0,921,499,12070.0
927,328,[],,S,,0,0,921,599,inf
928,328,[],,S,,0,0,921,699,inf
929,329,"[930, 931, 932, 933, 934]","{'A': 9, 'B': 7, 'C': 4}",D,499,1,12070.0,926,,
930,329,[],,S,,0,0,929,99,inf
931,329,[],,S,,0,0,929,199,inf
932,329,[935],,S,,1,12070.0,929,299,12070.0
933,329,[],,S,,0,0,929,399,inf
934,329,[],,S,,0,0,929,499,inf
935,330,"[936, 937, 938]","{'A': 7, 'B': 4, 'C': 0}",D,299,1,12070.0,932,,
936,330,[],,S,,0,0,935,99,inf
937,330,[939],,S,,1,12070.0,935,199,12070.0
938,330,[],,S,,0,0,935,299,inf
939,331,"[940, 941]","{'A': 4, 'B': 0, 'C': 0}",D,199,1,12070.0,937,,
940,331,[],,S,,0,0,939,99,inf
941,331,[942],,S,,1,12070.0,939,199,12070.0
942,332,"[943, 944]","{'A': 2, 'B': 0, 'C': 0}",D,199,1,12070.0,941,,
943,332,[],,S,,0,0,942,99,inf
944,332,[],,S,,0,0,942,199,inf
945,338,"[946, 947, 948, 949]","{'A': 7, 'B': 6, 'C': 6}",D,399,1,11270.0,4,,
946,338,[],,S,,0,0,945,99,inf
947,338,[],,S,,0,0,945,199,inf
948,338,[],,S,,0,0,945,299,inf
949,338,[950],,S,,1,11270.0,945,399,11270.0
950,339,"[951, 952, 953, 954]","{'A': 4, 'B': 0, 'C': 3}",D,399,1,11270.0,949,,
951,339,[],,S,,0,0,950,99,inf
952,339,[],,S,,0,0,950,199,inf
953,339,[],,S,,0,0,950,299,inf
954,339,[],,S,,0,0,950,399,inf
955,351,[956],"{'A': 5, 'B': 6, 'C': 4}",D,99,1,2970.0,103,,
956,351,[957],,S,,1,2970.0,955,99,2970.0
957,352,[958],"{'A': 0, 'B': 1, 'C': 0}",D,99,1,2970.0,956,,
958,352,[],,S,,0,0,957,99,inf
959,362,"[960, 961, 962, 963, 964, 965]","{'A': 9, 'B': 9, 'C': 8}",D,599,1,13170.0,6,,
960,362,[],,S,,0,0,959,99,inf
961,362,[],,S,,0,0,959,199,inf
962,362,[],,S,,0,0,959,299,inf
963,362,[],,S,,0,0,959,399,inf
964,362,[966],,S,,1,13170.0,959,499,13170.0
965,362,[],,S,,0,0,959,599,inf
966,363,"[967, 968, 969, 970, 971]","{'A': 6, 'B': 7, 'C': 6}",D,499,1,13170.0,964,,
967,363,[],,S,,0,0,966,99,inf
968,363,[],,S,,0,0,966,199,inf
969,363,[],,S,,0,0,966,299,inf
970,363,[],,S,,0,0,966,399,inf
971,363,[972],,S,,1,13170.0,966,499,13170.0
972,364,"[973, 974, 975, 976, 977]","{'A': 4, 'B': 1, 'C': 4}",D,499,1,13170.0,971,,
973,364,[],,S,,0,0,972,99,inf
974,364,[],,S,,0,0,972,199,inf
975,364,[978],,S,,1,13170.0,972,299,13170.0
976,364,[],,S,,0,0,972,399,inf
977,364,[],,S,,0,0,972,499,inf
978,365,"[979, 980, 981]","{'A': 0, 'B': 0, 'C': 3}",D,299,1,13170.0,975,,
979,365,[],,S,,0,0,978,99,inf
980,365,[982],,S,,1,13170.0,978,199,13170.0
981,365,[],,S,,0,0,978,299,inf
982,366,"[983, 984]","{'A': 0, 'B': 0, 'C': 1}",D,199,1,13170.0,980,,
983,366,[],,S,,0,0,982,99,inf
984,366,[],,S,,0,0,982,199,inf
985,374,"[986, 987, 988, 989, 990, 991]","{'A': 8, 'B': 7, 'C': 7}",D,599,1,9070.0,6,,
986,374,[],,S,,0,0,985,99,inf
987,374,[992],,S,,1,9070.0,985,199,9070.0
988,374,[],,S,,0,0,985,299,inf
989,374,[],,S,,0,0,985,399,inf
990,374,[],,S,,0,0,985,499,inf
991,374,[],,S,,0,0,985,599,inf
992,375,"[993, 994]","{'A': 3, 'B': 3, 'C': 3}",D,199,1,9070.0,987,,
993,375,[],,S,,0,0,992,99,inf
994,375,[995],,S,,1,9070.0,992,199,9070.0
995,376,"[996, 997]","{'A': 0, 'B': 1, 'C': 0}",D,199,1,9070.0,994,,
996,376,[],,S,,0,0,995,99,inf
997,376,[],,S,,0,0,995,199,inf
998,387,"[999, 1000]","{'A': 2, 'B': 0, 'C': 0}",D,199,1,7170.0,413,,
999,387,[],,S,,0,0,998,99,inf
1000,387,[],,S,,0,0,998,199,inf
1001,398,"[1002, 1003, 1004, 1005, 1006, 1007, 1008]","{'A': 7, 'B': 8, 'C': 9}",D,699,1,13770.0,7,,
1002,398,[],,S,,0,0,1001,99,inf
1003,398,[],,S,,0,0,1001,199,inf
1004,398,[],,S,,0,0,1001,299,inf
1005,398,[],,S,,0,0,1001,399,inf
1006,398,[],,S,,0,0,1001,499,inf
1007,398,[],,S,,0,0,1001,599,inf
1008,398,[1009],,S,,1,13770.0,1001,699,13770.0
1009,399,"[1010, 1011, 1012, 1013, 1014, 1015, 1016]","{'A': 6, 'B': 5, 'C': 7}",D,699,1,13770.0,1008,,
1010,399,[],,S,,0,0,1009,99,inf
1011,399,[],,S,,0,0,1009,199,inf
1012,399,[1017],,S,,1,13770.0,1009,299,13770.0
1013,399,[],,S,,0,0,1009,399,inf
1014,399,[],,S,,0,0,1009,499,inf
1015,399,[],,S,,0,0,1009,599,inf
1016,399,[],,S,,0,0,1009,699,inf
1017,400,"[1018, 1019, 1020]","{'A': 2, 'B': 3, 'C': 3}",D,299,1,13770.0,1012,,
1018,400,[],,S,,0,0,1017,99,inf
1019,400,[],,S,,0,0,1017,199,inf
1020,400,[1021],,S,,1,13770.0,1017,299,13770.0
1021,401,"[1022, 1023, 1024]","{'A': 0, 'B': 1, 'C': 0}",D,299,1,13770.0,1020,,
1022,401,[],,S,,0,0,1021,99,inf
1023,401,[],,S,,0,0,1021,199,inf
1024,401,[],,S,,0,0,1021,299,inf
1025,410,"[1026, 1027, 1028, 1029, 1030, 1031, 1032]","{'A': 6, 'B': 9, 'C': 7}",D,699,1,15470.0,7,,
1026,410,[],,S,,0,0,1025,99,inf
1027,410,[],,S,,0,0,1025,199,inf
1028,410,[],,S,,0,0,1025,299,inf
1029,410,[],,S,,0,0,1025,399,inf
1030,410,[],,S,,0,0,1025,499,inf
1031,410,[1033],,S,,1,15470.0,1025,599,15470.0
1032,410,[],,S,,0,0,1025,699,inf
1033,411,"[1034, 1035, 1036, 1037, 1038, 1039]","{'A': 3, 'B': 8, 'C': 4}",D,599,1,15470.0,1031,,
1034,411,[],,S,,0,0,1033,99,inf
1035,411,[],,S,,0,0,1033,199,inf
1036,411,[],,S,,0,0,1033,299,inf
1037,411,[1040],,S,,1,15470.0,1033,399,15470.0
1038,411,[],,S,,0,0,1033,499,inf
1039,411,[],,S,,0,0,1033,599,inf
1040,412,"[1041, 1042, 1043, 1044]","{'A': 1, 'B': 6, 'C': 0}",D,399,1,15470.0,1037,,
1041,412,[],,S,,0,0,1040,99,inf
1042,412,[],,S,,0,0,1040,199,inf
1043,412,[],,S,,0,0,1040,299,inf
1044,412,[1045],,S,,1,15470.0,1040,399,15470.0
1045,413,"[1046, 1047, 1048, 1049]","{'A': 0, 'B': 5, 'C': 0}",D,399,1,15470.0,1044,,
1046,413,[],,S,,0,0,1045,99,inf
1047,413,[],,S,,0,0,1045,199,inf
1048,413,[],,S,,0,0,1045,299,inf
1049,413,[1050],,S,,1,15470.0,1045,399,15470.0
1050,414,"[1051, 1052, 1053, 1054]","{'A': 0, 'B': 1, 'C': 0}",D,399,1,15470.0,1049,,
1051,414,[],,S,,0,0,1050,99,inf
1052,414,[],,S,,0,0,1050,199,inf
1053,414,[],,S,,0,0,1050,299,inf
1054,414,[],,S,,0,0,1050,399,inf
1055,422,"[1056, 1057, 1058]","{'A': 6, 'B': 5, 'C': 7}",D,299,1,7170.0,3,,
1056,422,[],,S,,0,0,1055,99,inf
1057,422,[1059],,S,,1,7170.0,1055,199,7170.0
1058,422,[],,S,,0,0,1055,299,inf
1059,423,"[1060, 1061]","{'A': 3, 'B': 1, 'C': 3}",D,199,1,7170.0,1057,,
1060,423,[],,S,,0,0,1059,99,inf
1061,423,[],,S,,0,0,1059,199,inf
1062,434,"[1063, 1064, 1065, 1066, 1067]","{'A': 5, 'B': 5, 'C': 7}",D,499,1,12170.0,5,,
1063,434,[],,S,,0,0,1062,99,inf
1064,434,[],,S,,0,0,1062,199,inf
1065,434,[],,S,,0,0,1062,299,inf
1066,434,[],,S,,0,0,1062,399,inf
1067,434,[1068],,S,,1,12170.0,1062,499,12170.0
1068,435,"[1069, 1070, 1071, 1072, 1073]","{'A': 2, 'B': 0, 'C': 5}",D,499,1,12170.0,1067,,
1069,435,[],,S,,0,0,1068,99,inf
1070,435,[],,S,,0,0,1068,199,inf
1071,435,[],,S,,0,0,1068,299,inf
1072,435,[],,S,,0,0,1068,399,inf
1073,435,[],,S,,0,0,1068,499,inf
1074,447,"[1075, 1076]","{'A': 5, 'B': 8, 'C': 6}",D,199,1,4070.0,104,,
1075,447,[1077],,S,,1,4070.0,1074,99,4070.0
1076,447,[],,S,,0,0,1074,199,inf
1077,448,[1078],"{'A': 0, 'B': 4, 'C': 0}",D,99,1,4070.0,1075,,
1078,448,[],,S,,0,0,1077,99,inf
1079,458,"[1080, 1081, 1082, 1083, 1084, 1085, 1086, 1087]","{'A': 10, 'B': 8, 'C': 10}",D,799,1,12570.0,8,,
1080,458,[],,S,,0,0,1079,99,inf
1081,458,[],,S,,0,0,1079,199,inf
1082,458,[],,S,,0,0,1079,299,inf
1083,458,[],,S,,0,0,1079,399,inf
1084,458,[1088],,S,,1,12570.0,1079,499,12570.0
1085,458,[],,S,,0,0,1079,599,inf
1086,458,[],,S,,0,0,1079,699,inf
1087,458,[],,S,,0,0,1079,799,inf
1088,459,"[1089, 1090, 1091, 1092, 1093]","{'A': 6, 'B': 5, 'C': 8}",D,499,1,12570.0,1084,,
1089,459,[],,S,,0,0,1088,99,inf
1090,459,[],,S,,0,0,1088,199,inf
1091,459,[],,S,,0,0,1088,299,inf
1092,459,[1094],,S,,1,12570.0,1088,399,12570.0
1093,459,[],,S,,0,0,1088,499,inf
1094,460,"[1095, 1096, 1097, 1098]","{'A': 5, 'B': 0, 'C': 6}",D,399,1,12570.0,1092,,
1095,460,[],,S,,0,0,1094,99,inf
1096,460,[],,S,,0,0,1094,199,inf
1097,460,[],,S,,0,0,1094,299,inf
1098,460,[],,S,,0,0,1094,399,inf
1099,471,"[1100, 1101, 1102]","{'A': 1, 'B': 1, 'C': 4}",D,299,1,10070.0,97,,
1100,471,[],,S,,0,0,1099,99,inf
1101,471,[],,S,,0,0,1099,199,inf
1102,471,[1103],,S,,1,10070.0,1099,299,10070.0
1103,472,"[1104, 1105, 1106]","{'A': 0, 'B': 0, 'C': 1}",D,299,1,10070.0,1102,,
1104,472,[],,S,,0,0,1103,99,inf
1105,472,[],,S,,0,0,1103,199,inf
1106,472,[],,S,,0,0,1103,299,inf
1107,483,[1108],"{'A': 1, 'B': 2, 'C': 4}",D,99,1,6470.0,816,,
1108,483,[],,S,,0,0,1107,99,inf
1109,495,"[1110, 1111, 1112, 1113, 1114, 1115, 1116, 1117]","{'A': 9, 'B': 7, 'C': 9}",D,799,1,6470.0,110,,
1110,495,[1118],,S,,1,6470.0,1109,99,6470.0
1111,495,[],,S,,0,0,1109,199,inf
1112,495,[],,S,,0,0,1109,299,inf
1113,495,[],,S,,0,0,1109,399,inf
1114,495,[],,S,,0,0,1109,499,inf
1115,495,[],,S,,0,0,1109,599,inf
1116,495,[],,S,,0,0,1109,699,inf
1117,495,[],,S,,0,0,1109,799,inf
1118,496,[1119],"{'A': 6, 'B': 2, 'C': 4}",D,99,1,6470.0,1110,,
1119,496,[1120],,S,,1,6470.0,1118,99,6470.0
1120,497,[1121],"{'A': 2, 'B': 0, 'C': 0}",D,99,1,6470.0,1119,,
1121,497,[],,S,,0,0,1120,99,inf
1122,506,"[1123, 1124, 1125, 1126, 1127, 1128]","{'A': 8, 'B': 9, 'C': 9}",D,599,1,11070.0,6,,
1123,506,[],,S,,0,0,1122,99,inf
1124,506,[],,S,,0,0,1122,199,inf
1125,506,[],,S,,0,0,1122,299,inf
1126,506,[],,S,,0,0,1122,399,inf
1127,506,[],,S,,0,0,1122,499,inf
1128,506,[1129],,S,,1,11070.0,1122,599,11070.0
1129,507,"[1130, 1131, 1132, 1133, 1134, 1135]","{'A': 6, 'B': 6, 'C': 8}",D,599,1,11070.0,1128,,
1130,507,[],,S,,0,0,1129,99,inf
1131,507,[],,S,,0,0,1129,199,inf
1132,507,[1136],,S,,1,11070.0,1129,299,11070.0
1133,507,[],,S,,0,0,1129,399,inf
1134,507,[],,S,,0,0,1129,499,inf
1135,507,[],,S,,0,0,1129,599,inf
1136,508,"[1137, 1138, 1139]","{'A': 3, 'B': 2, 'C': 4}",D,299,1,11070.0,1132,,
1137,508,[],,S,,0,0,1136,99,inf
1138,508,[],,S,,0,0,1136,199,inf
1139,508,[],,S,,0,0,1136,299,inf
1140,519,"[1141, 1142, 1143, 1144, 1145, 1146, 1147]","{'A': 8, 'B': 7, 'C': 7}",D,699,1,12570.0,539,,
1141,519,[],,S,,0,0,1140,99,inf
1142,519,[],,S,,0,0,1140,199,inf
1143,519,[],,S,,0,0,1140,299,inf
1144,519,[1148],,S,,1,12570.0,1140,399,12570.0
1145,519,[],,S,,0,0,1140,499,inf
1146,519,[],,S,,0,0,1140,599,inf
1147,519,[],,S,,0,0,1140,699,inf
1148,520,"[1149, 1150, 1151, 1152]","{'A': 4, 'B': 3, 'C': 5}",D,399,1,12570.0,1144,,
1149,520,[],,S,,0,0,1148,99,inf
1150,520,[],,S,,0,0,1148,199,inf
1151,520,[],,S,,0,0,1148,299,inf
1152,520,[],,S,,0,0,1148,399,inf
1153,530,"[1154, 1155, 1156, 1157, 1158, 1159, 1160, 1161, 1162]","{'A': 9, 'B': 10, 'C': 10}",D,899,1,6770.0,9,,
1154,530,[],,S,,0,0,1153,99,inf
1155,530,[],,S,,0,0,1153,199,inf
1156,530,[],,S,,0,0,1153,299,inf
1157,530,[],,S,,0,0,1153,399,inf
1158,530,[],,S,,0,0,1153,499,inf
1159,530,[1163],,S,,1,6770.0,1153,599,6770.0
1160,530,[],,S,,0,0,1153,699,inf
1161,530,[],,S,,0,0,1153,799,inf
1162,530,[],,S,,0,0,1153,899,inf
1163,531,"[1164, 1165, 1166, 1167, 1168, 1169]","{'A': 6, 'B': 8, 'C': 9}",D,599,1,6770.0,1159,,
1164,531,[1170],,S,,1,6770.0,1163,99,6770.0
1165,531,[],,S,,0,0,1163,199,inf
1166,531,[],,S,,0,0,1163,299,inf
1167,531,[],,S,,0,0,1163,399,inf
1168,531,[],,S,,0,0,1163,499,inf
1169,531,[],,S,,0,0,1163,599,inf
1170,532,[1171],"{'A': 0, 'B': 3, 'C': 4}",D,99,1,6770.0,1164,,
1171,532,[],,S,,0,0,1170,99,inf
1172,543,"[1173, 1174, 1175, 1176]","{'A': 7, 'B': 5, 'C': 5}",D,399,1,6870.0,106,,
1173,543,[1177],,S,,1,6870.0,1172,99,6870.0
1174,543,[],,S,,0,0,1172,199,inf
1175,543,[],,S,,0,0,1172,299,inf
1176,543,[],,S,,0,0,1172,399,inf
1177,544,[1178],"{'A': 4, 'B': 0, 'C': 1}",D,99,1,6870.0,1173,,
1178,544,[],,S,,0,0,1177,99,inf
1179,555,"[1180, 1181, 1182, 1183, 1184, 1185, 1186, 1187]","{'A': 8, 'B': 7, 'C': 8}",D,799,1,12770.0,569,,
1180,555,[],,S,,0,0,1179,99,inf
1181,555,[],,S,,0,0,1179,199,inf
1182,555,[],,S,,0,0,1179,299,inf
1183,555,[],,S,,0,0,1179,399,inf
1184,555,[],,S,,0,0,1179,499,inf
1185,555,[],,S,,0,0,1179,599,inf
1186,555,[],,S,,0,0,1179,699,inf
1187,555,[1188],,S,,1,12770.0,1179,799,12770.0
1188,556,"[1189, 1190, 1191, 1192, 1193, 1194, 1195, 1196]","{'A': 7, 'B': 7, 'C': 8}",D,799,1,12770.0,1187,,
1189,556,[],,S,,0,0,1188,99,inf
1190,556,[],,S,,0,0,1188,199,inf
1191,556,[],,S,,0,0,1188,299,inf
1192,556,[1197],,S,,1,12770.0,1188,399,12770.0
1193,556,[],,S,,0,0,1188,499,inf
1194,556,[],,S,,0,0,1188,599,inf
1195,556,[],,S,,0,0,1188,699,inf
1196,556,[],,S,,0,0,1188,799,inf
1197,557,"[1198, 1199, 1200, 1201]","{'A': 2, 'B': 3, 'C': 7}",D,399,1,12770.0,1192,,
1198,557,[],,S,,0,0,1197,99,inf
1199,557,[1202],,S,,1,12770.0,1197,199,12770.0
1200,557,[],,S,,0,0,1197,299,inf
1201,557,[],,S,,0,0,1197,399,inf
1202,558,"[1203, 1204]","{'A': 0, 'B': 0, 'C': 3}",D,199,1,12770.0,1199,,
1203,558,[],,S,,0,0,1202,99,inf
1204,558,[],,S,,0,0,1202,199,inf
1205,566,"[1206, 1207]","{'A': 7, 'B': 6, 'C': 6}",D,199,1,4070.0,2,,
1206,566,[1208],,S,,1,4070.0,1205,99,4070.0
1207,566,[],,S,,0,0,1205,199,inf
1208,567,[1209],"{'A': 2, 'B': 1, 'C': 1}",D,99,1,4070.0,1206,,
1209,567,[],,S,,0,0,1208,99,inf
1210,578,"[1211, 1212, 1213, 1214, 1215, 1216]","{'A': 9, 'B': 8, 'C': 10}",D,599,1,12970.0,6,,
1211,578,[],,S,,0,0,1210,99,inf
1212,578,[],,S,,0,0,1210,199,inf
1213,578,[],,S,,0,0,1210,299,inf
1214,578,[],,S,,0,0,1210,399,inf
1215,578,[1217],,S,,1,12970.0,1210,499,12970.0
1216,578,[],,S,,0,0,1210,599,inf
1217,579,"[1218, 1219, 1220, 1221, 1222]","{'A': 8, 'B': 5, 'C': 7}",D,499,1,12970.0,1215,,
1218,579,[],,S,,0,0,1217,99,inf
1219,579,[],,S,,0,0,1217,199,inf
1220,579,[],,S,,0,0,1217,299,inf
1221,579,[1223],,S,,1,12970.0,1217,399,12970.0
1222,579,[],,S,,0,0,1217,499,inf
1223,580,"[1224, 1225, 1226, 1227]","{'A': 3, 'B': 3, 'C': 4}",D,399,1,12970.0,1221,,
1224,580,[],,S,,0,0,1223,99,inf
1225,580,[],,S,,0,0,1223,199,inf
1226,580,[],,S,,0,0,1223,299,inf
1227,580,[1228],,S,,1,12970.0,1223,399,12970.0
1228,581,"[1229, 1230, 1231, 1232]","{'A': 0, 'B': 0, 'C': 3}",D,399,1,12970.0,1227,,
1229,581,[],,S,,0,0,1228,99,inf
1230,581,[],,S,,0,0,1228,199,inf
1231,581,[],,S,,0,0,1228,299,inf
1232,581,[],,S,,0,0,1228,399,inf
1233,590,"[1234, 1235, 1236, 1237, 1238]","{'A': 10, 'B': 8, 'C': 9}",D,499,1,7370.0,5,,
1234,590,[],,S,,0,0,1233,99,inf
1235,590,[],,S,,0,0,1233,199,inf
1236,590,[],,S,,0,0,1233,299,inf
1237,590,[],,S,,0,0,1233,399,inf
1238,590,[1239],,S,,1,7370.0,1233,499,7370.0
1239,591,"[1240, 1241, 1242, 1243, 1244]","{'A': 5, 'B': 6, 'C': 8}",D,499,1,7370.0,1238,,
1240,591,[1245],,S,,1,7370.0,1239,99,7370.0
1241,591,[],,S,,0,0,1239,199,inf
1242,591,[],,S,,0,0,1239,299,inf
1243,591,[],,S,,0,0,1239,399,inf
1244,591,[],,S,,0,0,1239,499,inf
1245,592,[1246],"{'A': 1, 'B': 3, 'C': 3}",D,99,1,7370.0,1240,,
1246,592,[],,S,,0,0,1245,99,inf
